-- MySQL dump 10.13  Distrib 5.5.38, for debian-linux-gnu (x86_64)
--
-- Host: localhost    Database: ssnotas_development
-- ------------------------------------------------------
-- Server version	5.5.38-0ubuntu0.14.04.1

/*!40101 SET @OLD_CHARACTER_SET_CLIENT=@@CHARACTER_SET_CLIENT */;
/*!40101 SET @OLD_CHARACTER_SET_RESULTS=@@CHARACTER_SET_RESULTS */;
/*!40101 SET @OLD_COLLATION_CONNECTION=@@COLLATION_CONNECTION */;
/*!40101 SET NAMES utf8 */;
/*!40103 SET @OLD_TIME_ZONE=@@TIME_ZONE */;
/*!40103 SET TIME_ZONE='+00:00' */;
/*!40014 SET @OLD_UNIQUE_CHECKS=@@UNIQUE_CHECKS, UNIQUE_CHECKS=0 */;
/*!40014 SET @OLD_FOREIGN_KEY_CHECKS=@@FOREIGN_KEY_CHECKS, FOREIGN_KEY_CHECKS=0 */;
/*!40101 SET @OLD_SQL_MODE=@@SQL_MODE, SQL_MODE='NO_AUTO_VALUE_ON_ZERO' */;
/*!40111 SET @OLD_SQL_NOTES=@@SQL_NOTES, SQL_NOTES=0 */;

--
-- Current Database: `ssnotas_development`
--

CREATE DATABASE /*!32312 IF NOT EXISTS*/ `ssnotas_development` /*!40100 DEFAULT CHARACTER SET latin1 */;

USE `ssnotas_development`;

--
-- Table structure for table `audits`
--

DROP TABLE IF EXISTS `audits`;
/*!40101 SET @saved_cs_client     = @@character_set_client */;
/*!40101 SET character_set_client = utf8 */;
CREATE TABLE `audits` (
  `id` int(11) NOT NULL AUTO_INCREMENT,
  `auditable_id` int(11) DEFAULT NULL,
  `auditable_type` varchar(255) DEFAULT NULL,
  `user_id` int(11) DEFAULT NULL,
  `user_type` varchar(255) DEFAULT NULL,
  `modifications` text,
  `action` varchar(255) DEFAULT NULL,
  `tag` varchar(255) DEFAULT NULL,
  `version` int(11) DEFAULT NULL,
  `created_at` datetime DEFAULT NULL,
  `updated_at` datetime DEFAULT NULL,
  PRIMARY KEY (`id`),
  KEY `auditable_index` (`auditable_id`,`auditable_type`),
  KEY `auditable_version_idx` (`auditable_id`,`auditable_type`,`version`),
  KEY `user_index` (`user_id`,`user_type`),
  KEY `index_audits_on_created_at` (`created_at`),
  KEY `index_audits_on_action` (`action`),
  KEY `index_audits_on_tag` (`tag`)
) ENGINE=InnoDB DEFAULT CHARSET=latin1;
/*!40101 SET character_set_client = @saved_cs_client */;

--
-- Dumping data for table `audits`
--

LOCK TABLES `audits` WRITE;
/*!40000 ALTER TABLE `audits` DISABLE KEYS */;
/*!40000 ALTER TABLE `audits` ENABLE KEYS */;
UNLOCK TABLES;

--
-- Table structure for table `cargos`
--

DROP TABLE IF EXISTS `cargos`;
/*!40101 SET @saved_cs_client     = @@character_set_client */;
/*!40101 SET character_set_client = utf8 */;
CREATE TABLE `cargos` (
  `id` int(11) NOT NULL AUTO_INCREMENT,
  `nombre` varchar(255) DEFAULT NULL,
  `descripcion` varchar(255) DEFAULT NULL,
  `created_at` datetime DEFAULT NULL,
  `updated_at` datetime DEFAULT NULL,
  PRIMARY KEY (`id`)
) ENGINE=InnoDB AUTO_INCREMENT=39 DEFAULT CHARSET=latin1;
/*!40101 SET character_set_client = @saved_cs_client */;

--
-- Dumping data for table `cargos`
--

LOCK TABLES `cargos` WRITE;
/*!40000 ALTER TABLE `cargos` DISABLE KEYS */;
INSERT INTO `cargos` VALUES (1,'Director','','2013-09-10 20:23:35','2013-09-10 20:23:35'),(3,'Presidente',NULL,'2013-09-20 18:40:25','2013-09-20 18:40:25'),(4,'Rector',NULL,'2013-09-25 20:49:02','2013-09-25 20:49:02'),(5,'Gerente',NULL,'2013-09-26 18:25:34','2013-09-26 18:25:34'),(10,'Programador',NULL,'2013-10-04 18:01:27','2013-10-04 18:01:27'),(14,'Comunicador','','2013-11-06 19:47:51','2014-08-28 18:55:49'),(16,'Secretaria Academica',NULL,'2014-03-07 20:05:04','2014-03-07 20:05:04'),(17,'Director General','','2014-04-01 19:19:09','2014-04-14 18:40:58'),(18,'Secretaria',NULL,'2014-04-03 18:21:17','2014-04-03 18:21:17'),(35,'Decano','','2014-08-28 17:57:38','2014-08-28 18:49:48'),(38,'Secretaria Tecnica',NULL,'2014-09-03 18:23:00','2014-09-03 18:23:00');
/*!40000 ALTER TABLE `cargos` ENABLE KEYS */;
UNLOCK TABLES;

--
-- Table structure for table `dependencias`
--

DROP TABLE IF EXISTS `dependencias`;
/*!40101 SET @saved_cs_client     = @@character_set_client */;
/*!40101 SET character_set_client = utf8 */;
CREATE TABLE `dependencias` (
  `id` int(11) NOT NULL AUTO_INCREMENT,
  `nombre` varchar(255) DEFAULT NULL,
  `descripcion` varchar(255) DEFAULT NULL,
  `codigo` int(11) NOT NULL,
  `created_at` datetime NOT NULL,
  `updated_at` datetime NOT NULL,
  `organismo_id` int(11) DEFAULT NULL,
  `alias` varchar(255) DEFAULT NULL,
  PRIMARY KEY (`id`)
) ENGINE=InnoDB AUTO_INCREMENT=39 DEFAULT CHARSET=latin1;
/*!40101 SET character_set_client = @saved_cs_client */;

--
-- Dumping data for table `dependencias`
--

LOCK TABLES `dependencias` WRITE;
/*!40000 ALTER TABLE `dependencias` DISABLE KEYS */;
INSERT INTO `dependencias` VALUES (1,'Decanato','',1,'2013-06-06 22:41:42','2013-06-06 22:41:42',1,NULL),(2,'Departamento de Microbiología','',50,'2013-06-06 23:20:07','2013-06-06 23:20:07',1,NULL),(3,'Departamento de Matemáticas','',55,'2013-06-06 23:26:21','2013-06-06 23:27:06',1,NULL),(7,'Departamento de Computación','',56,'2013-06-07 03:36:34','2014-08-29 18:32:55',1,''),(9,'Departamento de Geologia','',57,'2013-06-07 18:57:39','2013-06-07 18:57:39',1,NULL),(21,'Rectorado','',62,'2013-09-25 20:48:53','2014-03-07 19:51:42',2,'Rec'),(29,'Área de Programación y Estadística','Área de Programación y Estadística',63,'2014-02-27 20:29:51','2014-08-29 19:10:01',1,'Programación'),(33,'test2','',64,'2014-09-01 19:35:25','2014-09-01 19:35:25',NULL,''),(34,'testasssss','',65,'2014-09-01 20:14:54','2014-09-01 20:14:54',NULL,''),(35,'casa','',66,'2014-09-02 18:34:50','2014-09-02 18:34:50',NULL,''),(36,'casasda','',67,'2014-09-02 18:34:59','2014-09-02 18:34:59',NULL,''),(37,'aAaaa','',68,'2014-09-02 19:45:37','2014-09-02 19:45:37',NULL,''),(38,'asasas','',69,'2014-09-02 20:46:18','2014-09-02 20:46:18',NULL,'');
/*!40000 ALTER TABLE `dependencias` ENABLE KEYS */;
UNLOCK TABLES;

--
-- Table structure for table `entidades`
--

DROP TABLE IF EXISTS `entidades`;
/*!40101 SET @saved_cs_client     = @@character_set_client */;
/*!40101 SET character_set_client = utf8 */;
CREATE TABLE `entidades` (
  `id` int(11) NOT NULL AUTO_INCREMENT,
  `persona_id` int(11) DEFAULT NULL,
  `dependencia_id` int(11) DEFAULT NULL,
  `cargo_id` int(11) DEFAULT NULL,
  `es_facultad` tinyint(1) DEFAULT '0',
  `user_id` int(11) DEFAULT NULL,
  `created_at` datetime DEFAULT NULL,
  `updated_at` datetime DEFAULT NULL,
  `es_actual` tinyint(1) DEFAULT NULL,
  PRIMARY KEY (`id`)
) ENGINE=InnoDB AUTO_INCREMENT=96 DEFAULT CHARSET=latin1;
/*!40101 SET character_set_client = @saved_cs_client */;

--
-- Dumping data for table `entidades`
--

LOCK TABLES `entidades` WRITE;
/*!40000 ALTER TABLE `entidades` DISABLE KEYS */;
INSERT INTO `entidades` VALUES (82,16,1,35,1,NULL,'2014-02-27 20:25:32','2014-08-28 17:57:41',1),(83,30,1,15,1,NULL,'2014-02-27 20:26:05','2014-03-10 18:52:46',1),(84,1,29,10,1,NULL,'2014-02-27 20:30:03','2014-03-10 18:52:48',1),(85,17,1,38,1,NULL,'2014-02-27 20:30:28','2014-09-03 18:23:02',1),(86,31,1,16,1,NULL,'2014-03-07 20:05:10','2014-03-10 18:52:51',1),(88,32,7,1,0,NULL,'2014-03-10 21:00:34','2014-03-10 21:00:34',0),(89,33,7,18,0,NULL,'2014-04-01 18:00:54','2014-04-03 18:22:25',0),(91,34,7,NULL,0,NULL,'2014-04-01 18:06:16','2014-04-01 18:06:16',0),(92,35,1,17,0,NULL,'2014-04-01 19:19:20','2014-04-01 19:19:20',1),(95,38,3,35,0,NULL,'2014-09-02 20:01:54','2014-09-02 20:01:54',0);
/*!40000 ALTER TABLE `entidades` ENABLE KEYS */;
UNLOCK TABLES;

--
-- Table structure for table `notas`
--

DROP TABLE IF EXISTS `notas`;
/*!40101 SET @saved_cs_client     = @@character_set_client */;
/*!40101 SET character_set_client = utf8 */;
CREATE TABLE `notas` (
  `id` int(11) NOT NULL AUTO_INCREMENT,
  `tema` varchar(255) DEFAULT NULL,
  `descripcion` text,
  `fecha_ingreso` date DEFAULT NULL,
  `codigo` varchar(255) DEFAULT NULL,
  `tipo_nota_id` int(11) DEFAULT NULL,
  `remitente_id` int(11) DEFAULT NULL,
  `destinatario_id` int(11) DEFAULT NULL,
  `fecha_eliminada` datetime DEFAULT NULL,
  `created_at` datetime NOT NULL,
  `updated_at` datetime NOT NULL,
  `fecha_nota` date DEFAULT NULL,
  `fecha_carga` date DEFAULT NULL,
  `tipo` int(11) DEFAULT NULL,
  `estado` int(11) DEFAULT NULL,
  `cargado_por_id` int(11) DEFAULT NULL,
  `recibido_por_id` int(11) DEFAULT NULL,
  `parent_id` int(11) DEFAULT NULL,
  `cargado_mesa_entrada` tinyint(1) DEFAULT NULL,
  `eliminada` tinyint(1) DEFAULT '0',
  PRIMARY KEY (`id`)
) ENGINE=InnoDB AUTO_INCREMENT=55 DEFAULT CHARSET=latin1;
/*!40101 SET character_set_client = @saved_cs_client */;

--
-- Dumping data for table `notas`
--

LOCK TABLES `notas` WRITE;
/*!40000 ALTER TABLE `notas` DISABLE KEYS */;
INSERT INTO `notas` VALUES (36,'Evaluación de la cantidad de becarios','Esta es una nota enviada de la Decana Rosa Cattana a el Vice-Decano Marcelo Fagiano el día 27 de febrero del 2014.\r\n','2014-02-27','000032014',2,82,83,NULL,'2014-02-27 20:27:45','2014-02-27 20:27:45','2014-02-27','2014-02-27',0,1,3,3,NULL,1,0),(37,'Corte enlace a internet','Nota comunicando que en el día 26 de  febrero se corto el enlace a internet','2014-02-27','000042014',1,84,85,NULL,'2014-02-27 20:31:08','2014-02-27 20:31:08','2014-02-27','2014-02-27',0,1,3,3,36,1,0),(38,'Codigo Unico','Esta generando el mismo codigo para cada nota que se carga en el dia,\r\nademas no esta chequeando que no exista el codigo','2014-02-28','000012014',2,84,84,'2014-02-28 19:49:46','2014-02-28 18:47:22','2014-02-28 18:47:22','2014-02-28','2014-02-28',0,1,3,3,36,1,1),(39,'Funciona el código único','Ya esta funcionando la generacion de codigo unico','2014-02-28','000022014',1,84,84,NULL,'2014-02-28 19:50:35','2014-03-26 19:18:38','2014-02-28','2014-02-28',0,1,3,3,NULL,1,0),(40,'Remitente y Destinatario','Quedo de la version anterior los modelos  remitente y destinatario, de a poco hay que eliminar las referencias a los mismos. Y chequear que no se rompa nada.\r\n\r\n','2014-03-07','000052014',2,86,83,NULL,'2014-03-07 20:06:17','2014-03-07 20:06:17','2014-03-07','2014-03-07',0,1,3,3,39,1,0),(41,'Destinatario No aparece','Em el alta de notas desde la vista de secretaria de departamentos, no me aparecio ningun destinatario.\r\nCalculo que es porque ninguno tiene el es_facultad activo.\r\nes_facultad deberia ser en realidad algo como \"puede recibir notas desde los departamentos\"','2014-03-17','000062014',2,88,82,NULL,'2014-03-17 19:45:25','2014-03-17 19:45:25','2014-03-05','2014-03-10',0,1,2,3,NULL,0,0),(42,'Visualizacion','Se confunde mucho que es remitente y que destinatario-\r\n\r\nAdemas tengo que probar nuevamente la generacion de codigo tanto para Notas como notas temporales','2014-03-17','000072014',2,84,83,NULL,'2014-03-17 19:46:34','2014-03-26 19:25:29','2014-03-17','2014-03-17',0,1,3,3,NULL,1,0),(43,'Generacion de Codigos','Hay que hacer un solo metodo que calcule el codigo de la nota. Y deberia estar fuera del modelo nota.\r\nAdemas se deberia realizar esta accion de manera atomica.','2014-03-17','000102014',2,88,84,NULL,'2014-03-17 20:25:32','2014-03-17 20:25:32','2014-03-10','2014-03-10',0,1,2,3,NULL,0,0),(44,'Creacion de un expedient','Se corrigieron errores con el codigo de nota. Ahora controla tambien en nota temporal','2014-03-17','000112014',1,84,82,NULL,'2014-03-17 20:26:23','2014-03-17 20:26:23','2014-03-17','2014-03-17',0,1,3,3,NULL,1,0),(45,'Carga de nota','Carga de nota temporal con el usuario icardetti','2014-03-26','000082014',2,88,84,NULL,'2014-03-26 19:10:44','2014-03-26 19:11:42','2014-03-17','2014-03-17',0,1,2,2,NULL,0,0),(46,'nota uno','envio de nota de prueba','2014-03-31','000122014',1,88,83,NULL,'2014-03-31 19:29:49','2014-03-31 19:29:49','2014-03-31','2014-03-31',0,1,2,2,NULL,1,0),(47,'nota uno','envio de nota de prueba','2014-03-31','000132014',1,88,84,NULL,'2014-03-31 19:29:49','2014-03-31 19:29:49','2014-03-31','2014-03-31',0,1,2,2,39,1,0),(48,'arro','asjkdlasj dasjd klajslda','2014-03-31','000152014',2,82,88,'2014-09-05 19:14:13','2014-03-31 19:39:48','2014-03-31 19:39:48','2014-03-31','2014-03-31',0,1,2,2,NULL,1,1),(49,'Pedido','Pedido de prueba','2014-04-01','000172014',2,91,85,NULL,'2014-04-01 18:06:22','2014-04-01 18:06:22','2014-04-01','2014-04-01',0,1,3,2,NULL,0,0),(50,'prueba','','2014-04-01','000182014',2,82,91,NULL,'2014-04-01 19:03:55','2014-04-01 19:03:55','2014-04-01','2014-04-01',0,1,2,2,NULL,1,0),(51,'prueba','','2014-04-01','000192014',2,82,83,'2014-09-01 18:40:23','2014-04-01 19:03:55','2014-04-01 19:03:55','2014-04-01','2014-04-01',0,1,2,2,NULL,1,1),(52,'Art. 83','Ana quiere que ponga art.83','2014-04-01','000202014',3,89,92,NULL,'2014-04-01 19:19:50','2014-04-01 19:19:50','2014-04-01','2014-04-01',0,1,2,2,NULL,1,0),(53,'Nota de Prueba','Otra prueba de ivana','2014-04-03','000142014',2,88,85,NULL,'2014-04-03 18:04:09','2014-04-03 18:04:09','2014-03-31','2014-03-31',0,1,3,2,NULL,0,0),(54,'Anda!','Andara esto.\r\nHara falta cambiar el css aca por bootstrap','2014-09-08','000212014',3,92,82,NULL,'2014-09-08 20:31:26','2014-09-09 19:00:45','2014-09-08','2014-09-08',0,1,1,1,NULL,1,0);
/*!40000 ALTER TABLE `notas` ENABLE KEYS */;
UNLOCK TABLES;

--
-- Table structure for table `notas_temporales`
--

DROP TABLE IF EXISTS `notas_temporales`;
/*!40101 SET @saved_cs_client     = @@character_set_client */;
/*!40101 SET character_set_client = utf8 */;
CREATE TABLE `notas_temporales` (
  `id` int(11) NOT NULL AUTO_INCREMENT,
  `tema` varchar(255) DEFAULT NULL,
  `descripcion` varchar(255) DEFAULT NULL,
  `fecha_nota` date DEFAULT NULL,
  `fecha_carga` date DEFAULT NULL,
  `codigo` varchar(255) DEFAULT NULL,
  `tipo_nota_id` int(11) DEFAULT NULL,
  `remitente_id` int(11) DEFAULT NULL,
  `texto_remitente` varchar(255) DEFAULT NULL,
  `destinatario_id` int(11) DEFAULT NULL,
  `texto_destinatario` varchar(255) DEFAULT NULL,
  `cargado_por_id` int(11) DEFAULT NULL,
  `dependencia_id` int(11) DEFAULT NULL,
  `estado` int(11) DEFAULT NULL,
  `nota_id` int(11) DEFAULT NULL,
  `created_at` datetime DEFAULT NULL,
  `updated_at` datetime DEFAULT NULL,
  PRIMARY KEY (`id`),
  KEY `index_notas_temporales_on_tipo_nota_id` (`tipo_nota_id`),
  KEY `index_notas_temporales_on_remitente_id` (`remitente_id`),
  KEY `index_notas_temporales_on_destinatario_id` (`destinatario_id`),
  KEY `index_notas_temporales_on_cargado_por_id` (`cargado_por_id`),
  KEY `index_notas_temporales_on_dependencia_id` (`dependencia_id`),
  KEY `index_notas_temporales_on_nota_id` (`nota_id`)
) ENGINE=InnoDB AUTO_INCREMENT=7 DEFAULT CHARSET=latin1;
/*!40101 SET character_set_client = @saved_cs_client */;

--
-- Dumping data for table `notas_temporales`
--

LOCK TABLES `notas_temporales` WRITE;
/*!40000 ALTER TABLE `notas_temporales` DISABLE KEYS */;
INSERT INTO `notas_temporales` VALUES (1,'Destinatario No aparece','Em el alta de notas desde la vista de secretaria de departamentos, no me aparecio ningun destinatario.\r\nCalculo que es porque ninguno tiene el es_facultad activo.\r\nes_facultad deberia ser en realidad algo como \"puede recibir notas desde los departamentos\"','2014-03-05','2014-03-10','000092014',2,NULL,'Director: Arroyo, Marcelo',NULL,'Decana: Cattana, Rosa',2,7,1,41,'2014-03-10 18:32:32','2014-03-17 19:45:25'),(2,'Generacion de Codigos','Hay que hacer un solo metodo que calcule el codigo de la nota. Y deberia estar fuera del modelo nota.\r\nAdemas se deberia realizar esta accion de manera atomica.','2014-03-10','2014-03-10','000102014',2,NULL,'Director: Arroyo, Marcelo',NULL,'Programador: Marozzi, Mauro',2,7,1,43,'2014-03-10 18:51:09','2014-03-17 20:25:32'),(3,'Carga de nota','Carga de nota temporal con el usuario icardetti','2014-03-17','2014-03-17','000082014',2,88,'',84,'',2,7,1,45,'2014-03-17 19:47:44','2014-03-26 19:10:44'),(4,'Nota de Prueba','Otra prueba de ivana','2014-03-31','2014-03-31','000142014',2,88,'',85,'',3,7,1,53,'2014-03-31 19:31:49','2014-04-03 18:04:09'),(5,'Extension dictado','Pedido de extensión de dictado de materia.','2014-04-01','2014-04-01','000162014',1,88,'',86,'',3,7,0,NULL,'2014-04-01 13:17:45','2014-04-01 13:17:45'),(6,'Pedido','Pedido de prueba','2014-04-01','2014-04-01','000172014',2,NULL,'Francisco Bavera',85,'',3,7,1,49,'2014-04-01 13:20:02','2014-04-01 18:06:22');
/*!40000 ALTER TABLE `notas_temporales` ENABLE KEYS */;
UNLOCK TABLES;

--
-- Table structure for table `note_types`
--

DROP TABLE IF EXISTS `note_types`;
/*!40101 SET @saved_cs_client     = @@character_set_client */;
/*!40101 SET character_set_client = utf8 */;
CREATE TABLE `note_types` (
  `id` int(11) NOT NULL AUTO_INCREMENT,
  `name` varchar(255) DEFAULT NULL,
  `detail` varchar(255) DEFAULT NULL,
  `created_at` datetime NOT NULL,
  `updated_at` datetime NOT NULL,
  PRIMARY KEY (`id`)
) ENGINE=InnoDB AUTO_INCREMENT=2 DEFAULT CHARSET=latin1;
/*!40101 SET character_set_client = @saved_cs_client */;

--
-- Dumping data for table `note_types`
--

LOCK TABLES `note_types` WRITE;
/*!40000 ALTER TABLE `note_types` DISABLE KEYS */;
INSERT INTO `note_types` VALUES (1,'Expediente','','2013-05-28 20:16:57','2013-05-28 20:16:57');
/*!40000 ALTER TABLE `note_types` ENABLE KEYS */;
UNLOCK TABLES;

--
-- Table structure for table `organismos`
--

DROP TABLE IF EXISTS `organismos`;
/*!40101 SET @saved_cs_client     = @@character_set_client */;
/*!40101 SET character_set_client = utf8 */;
CREATE TABLE `organismos` (
  `id` int(11) NOT NULL AUTO_INCREMENT,
  `nombre` varchar(255) DEFAULT NULL,
  `descripcion` text,
  `codigo` int(11) DEFAULT NULL,
  `created_at` datetime NOT NULL,
  `updated_at` datetime NOT NULL,
  `alias` varchar(255) DEFAULT NULL,
  PRIMARY KEY (`id`)
) ENGINE=InnoDB AUTO_INCREMENT=7 DEFAULT CHARSET=latin1;
/*!40101 SET character_set_client = @saved_cs_client */;

--
-- Dumping data for table `organismos`
--

LOCK TABLES `organismos` WRITE;
/*!40000 ALTER TABLE `organismos` DISABLE KEYS */;
INSERT INTO `organismos` VALUES (1,'Fac. Ciencias Exactas Físico Químicas y Naturales','',1,'2013-06-24 19:14:04','2013-10-11 20:39:47','FCEFQyN'),(2,'Universidad Nacional de Río Cuarto','',2,'2013-06-24 19:15:43','2013-10-11 20:46:55','UNRC'),(3,'Fac. de Agronomia y Veterinaria','',3,'2013-06-24 19:16:15','2013-06-24 19:16:15',NULL),(4,'Fac. de Ciencias Económicas','',4,'2013-06-24 19:16:41','2014-09-01 19:17:24',''),(5,'Fac. de Ciencias Humanas','',5,'2013-06-24 19:16:59','2013-06-24 19:16:59',NULL),(6,'Fac. de Ingenieria','',6,'2013-06-24 19:17:12','2013-06-24 19:17:12',NULL);
/*!40000 ALTER TABLE `organismos` ENABLE KEYS */;
UNLOCK TABLES;

--
-- Table structure for table `personas`
--

DROP TABLE IF EXISTS `personas`;
/*!40101 SET @saved_cs_client     = @@character_set_client */;
/*!40101 SET character_set_client = utf8 */;
CREATE TABLE `personas` (
  `id` int(11) NOT NULL AUTO_INCREMENT,
  `nombre` varchar(255) DEFAULT NULL,
  `apellido` varchar(255) DEFAULT NULL,
  `email` varchar(255) DEFAULT NULL,
  `created_at` datetime DEFAULT NULL,
  `updated_at` datetime DEFAULT NULL,
  PRIMARY KEY (`id`)
) ENGINE=InnoDB AUTO_INCREMENT=41 DEFAULT CHARSET=latin1;
/*!40101 SET character_set_client = @saved_cs_client */;

--
-- Dumping data for table `personas`
--

LOCK TABLES `personas` WRITE;
/*!40000 ALTER TABLE `personas` DISABLE KEYS */;
INSERT INTO `personas` VALUES (1,'Mauro','Marozzi','mmarozzi@gmail.com','2013-09-09 19:13:29','2013-09-09 19:14:40'),(4,'Nelson','Nusbaum','comunicacion@exa.unrc.edu.ar','2013-09-10 19:07:42','2013-09-10 19:09:01'),(6,'Marcelo','Ruiz',NULL,'2013-09-25 20:47:53','2013-09-25 20:47:53'),(16,'Rosa','Cattana',NULL,'2013-09-27 19:36:39','2013-09-27 19:36:39'),(17,'Marcela','Daniele',NULL,'2013-10-02 19:36:33','2013-10-02 19:36:33'),(18,'Susana','Bettera',NULL,'2013-10-17 19:40:42','2013-10-17 19:40:42'),(30,'Marcelo','Fagiano','','2014-02-27 20:19:54','2014-02-27 20:19:54'),(31,'Teresa','Quintero','','2014-03-07 20:04:50','2014-08-29 20:37:21'),(32,'Marcelo','Arroyo','','2014-03-10 20:29:33','2014-08-29 20:37:08'),(33,'Ivana','Cardetti','','2014-04-01 17:58:16','2014-04-01 17:58:16'),(34,'Francisco','Bavera','pancho@dc.exa.unrc.edu.ar','2014-04-01 18:06:12','2014-04-03 18:23:07'),(35,'Ana','Basso','','2014-04-01 19:18:58','2014-08-29 20:35:05'),(38,'Ivana','Cardetti',NULL,'2014-09-02 18:34:34','2014-09-02 18:34:34');
/*!40000 ALTER TABLE `personas` ENABLE KEYS */;
UNLOCK TABLES;

--
-- Table structure for table `roles`
--

DROP TABLE IF EXISTS `roles`;
/*!40101 SET @saved_cs_client     = @@character_set_client */;
/*!40101 SET character_set_client = utf8 */;
CREATE TABLE `roles` (
  `id` int(11) NOT NULL AUTO_INCREMENT,
  `name` varchar(255) DEFAULT NULL,
  `description` varchar(255) DEFAULT NULL,
  `created_at` datetime DEFAULT NULL,
  `updated_at` datetime DEFAULT NULL,
  PRIMARY KEY (`id`)
) ENGINE=InnoDB AUTO_INCREMENT=4 DEFAULT CHARSET=latin1;
/*!40101 SET character_set_client = @saved_cs_client */;

--
-- Dumping data for table `roles`
--

LOCK TABLES `roles` WRITE;
/*!40000 ALTER TABLE `roles` DISABLE KEYS */;
INSERT INTO `roles` VALUES (1,'admin',NULL,NULL,NULL),(2,'sec_mesa_entrada',NULL,NULL,NULL),(3,'sec_dependencias',NULL,NULL,NULL);
/*!40000 ALTER TABLE `roles` ENABLE KEYS */;
UNLOCK TABLES;

--
-- Table structure for table `schema_migrations`
--

DROP TABLE IF EXISTS `schema_migrations`;
/*!40101 SET @saved_cs_client     = @@character_set_client */;
/*!40101 SET character_set_client = utf8 */;
CREATE TABLE `schema_migrations` (
  `version` varchar(255) NOT NULL,
  UNIQUE KEY `unique_schema_migrations` (`version`)
) ENGINE=InnoDB DEFAULT CHARSET=latin1;
/*!40101 SET character_set_client = @saved_cs_client */;

--
-- Dumping data for table `schema_migrations`
--

LOCK TABLES `schema_migrations` WRITE;
/*!40000 ALTER TABLE `schema_migrations` DISABLE KEYS */;
INSERT INTO `schema_migrations` VALUES ('20130606220004'),('20130608161109'),('20130609024321'),('20130609162849'),('20130609180348'),('20130609184103'),('20130610130921'),('20130611015807'),('20130624182924'),('20130625155028'),('20130625194844'),('20130629135341'),('20130629135550'),('20130701162019'),('20130705185510'),('20130705185736'),('20130705192413'),('20130705192741'),('20130813195519'),('20130902200259'),('20130902200942'),('20130909185830'),('20130910200152'),('20130911193741'),('20130913180729'),('20130923185401'),('20131011194943'),('20131011203330'),('20131015184406'),('20131017190350'),('20131017192956'),('20131017200632'),('20131017203301'),('20140225200809'),('20140305185713'),('20140305193930'),('20140306204125'),('20140313181113'),('20140313181950'),('20140313195330'),('20140313200139'),('20140318191838'),('20140318193040'),('20140319204844'),('20140319220634');
/*!40000 ALTER TABLE `schema_migrations` ENABLE KEYS */;
UNLOCK TABLES;

--
-- Table structure for table `sessiones`
--

DROP TABLE IF EXISTS `sessiones`;
/*!40101 SET @saved_cs_client     = @@character_set_client */;
/*!40101 SET character_set_client = utf8 */;
CREATE TABLE `sessiones` (
  `id` int(11) NOT NULL AUTO_INCREMENT,
  `session_id` varchar(255) NOT NULL,
  `data` text,
  `created_at` datetime NOT NULL,
  `updated_at` datetime NOT NULL,
  PRIMARY KEY (`id`),
  KEY `index_sessiones_on_session_id` (`session_id`),
  KEY `index_sessiones_on_updated_at` (`updated_at`)
) ENGINE=InnoDB AUTO_INCREMENT=16 DEFAULT CHARSET=latin1;
/*!40101 SET character_set_client = @saved_cs_client */;

--
-- Dumping data for table `sessiones`
--

LOCK TABLES `sessiones` WRITE;
/*!40000 ALTER TABLE `sessiones` DISABLE KEYS */;
INSERT INTO `sessiones` VALUES (1,'1d330549216f7fed3ef0d6dd96dbee38','BAh7BkkiEF9jc3JmX3Rva2VuBjoGRUZJIjFCSVBkVmZjVVE0bDZtTTZadmxK\ndmpTNmFIWnhNWWlhSjBXTElNamZKRml3PQY7AEY=\n','2013-06-08 16:12:03','2013-06-08 22:36:05'),(2,'9f0609a017f941b39e8823a91ca3b01a','BAh7BkkiEF9jc3JmX3Rva2VuBjoGRUZJIjFsT2pPbThDdkJDd0VZM2syS0dx\nQnhJdUM4OGNrcmJHcXp6Z0pkdHVFYmtBPQY7AEY=\n','2013-06-09 03:21:28','2013-06-10 13:28:32'),(3,'95b028717c1007ade06a3c6b87d6a127','BAh7BkkiEF9jc3JmX3Rva2VuBjoGRUZJIjEvYnl0Z21sVitFc2FURTBud0Er\ndW83QU9HcGpMTFdBeldFMzFlSVRWRXFJPQY7AEY=\n','2013-06-11 15:03:18','2013-06-11 15:03:18'),(4,'75fa5d06b3adba98a5ca13111aacceb7','BAh7BkkiEF9jc3JmX3Rva2VuBjoGRUZJIjFaWUlRLy9IeFA4QzZrbldjWlAx\nN21qM09sUE91aWw3N2xTcjhCQUJPbTBJPQY7AEY=\n','2013-06-11 16:34:54','2013-06-11 16:34:54'),(5,'f9b016505ba2dc08c0f41bb698786ead','BAh7BkkiEF9jc3JmX3Rva2VuBjoGRUZJIjFtN1lqN2FkQmpVQ2NBU0VoeHF5\nSlpVeVl4dWplMjZqYndBTEJWMUwzeHBnPQY7AEY=\n','2013-06-12 14:52:46','2013-06-12 14:52:46'),(6,'8f7e47c0a806784def759a342d84f355','BAh7BkkiEF9jc3JmX3Rva2VuBjoGRUZJIjFVd3lwU3NrN0pMT3MvZkc1TzJi\na3E3bk4zb0VEQWlic0ZSNitwcVJjbnRzPQY7AEY=\n','2013-06-13 15:33:34','2013-06-15 03:18:27'),(7,'a94abaf8f6fa55c169814a7531c6d68b','BAh7BkkiEF9jc3JmX3Rva2VuBjoGRUZJIjF3ZnFwS0FaT2I4aU5pRE5RKytv\nb0FHTXF0bXRjWDlWeDJzcGx4czlNN0g0PQY7AEY=\n','2013-06-15 18:56:19','2013-06-15 18:56:19'),(8,'d32e16c1ea34d8a84c7e510817e6b9b2','BAh7BkkiEF9jc3JmX3Rva2VuBjoGRUZJIjFPT3ExR3NNSEtYRU8raUcwUWlK\nVEZHcVUvcURiK0orUXg3bXBjR1pIOUNBPQY7AEY=\n','2013-06-17 15:19:45','2013-06-17 19:35:46'),(9,'2f076c9b807678af91eec9401256a2b6','BAh7BkkiEF9jc3JmX3Rva2VuBjoGRUZJIjE5RWxaTDlSbkJJakNMUktqdTBy\nQjRSOHBaTVdFaGgzOTNVZ0NWN1VtdVBJPQY7AEY=\n','2013-06-18 01:43:17','2013-06-18 01:43:17'),(10,'7ee1bd2621b16c55dee245aceb3a3683','BAh7BkkiEF9jc3JmX3Rva2VuBjoGRUZJIjFpMTNiVkRjUHRnNTBYZnZkaTdk\nZ0Q1ZWVienBIYkpKQi9DaUhVbHRYY1h3PQY7AEY=\n','2013-06-20 19:05:05','2013-06-20 19:05:05'),(11,'98b853f5c9405c333628b7d187a32553','BAh7BkkiEF9jc3JmX3Rva2VuBjoGRUZJIjFBT3M2NjFvL0J5OVlkdTRHNVlJ\nVWJ1ekYweWdjT2N0Q2dhaHJOdjJmbGtNPQY7AEY=\n','2013-06-24 17:14:36','2013-06-24 19:17:30'),(12,'38e0ac27e315eff154c44f2bb26a3eac','BAh7BkkiEF9jc3JmX3Rva2VuBjoGRUZJIjFSQThCbjFrMjNUZjdiVlA4VUU5\nT1A1QlZJUFBHR2MyS0MrdVYyOEVBc3JvPQY7AEY=\n','2013-06-25 14:35:53','2013-06-25 18:38:08'),(14,'6bc64c4aec9f8e79a168b379cfab2c0a','BAh7CEkiEF9jc3JmX3Rva2VuBjoGRUZJIjFkR0RTOUN3WWxIRUxKaGppaEdM\nMHFGdWtKSXA0TkZwRk00dTFnZlFBUXpnPQY7AEZJIhx3YXJkZW4udXNlci51\nc3VhcmlvLmtleQY7AFRbB1sGaQYiIiQyYSQxMCRyNnJZWW5EREVycUs1MUhu\nSTZ1ZWtlSSIKZmxhc2gGOwBGbzolQWN0aW9uRGlzcGF0Y2g6OkZsYXNoOjpG\nbGFzaEhhc2gJOgpAdXNlZG86CFNldAY6CkBoYXNoewY6C25vdGljZVQ6DEBj\nbG9zZWRGOg1AZmxhc2hlc3sGOwpJIkN0cmFuc2xhdGlvbiBtaXNzaW5nOiBl\ncy5kZXZpc2UucmVnaXN0cmF0aW9ucy51c3VhcmlvLnNpZ25lZF91cAY7AEY6\nCUBub3cw\n','2013-06-25 19:56:54','2013-06-25 19:56:54'),(15,'1396e35c88cc5f3d74cd8e75205514d0','BAh7B0kiFnVzdWFyaW9fcmV0dXJuX3RvBjoGRUZJIhIvZGVwZW5kZW5jaWFz\nBjsARkkiEF9jc3JmX3Rva2VuBjsARkkiMVBWKzdkR2lLRFZlWE1ZcDNSMTZF\ncktRQ3M3OVpicE9FVzFzVlJFcnFIL289BjsARg==\n','2013-06-29 13:09:03','2013-06-29 13:18:23');
/*!40000 ALTER TABLE `sessiones` ENABLE KEYS */;
UNLOCK TABLES;

--
-- Table structure for table `tipos_notas`
--

DROP TABLE IF EXISTS `tipos_notas`;
/*!40101 SET @saved_cs_client     = @@character_set_client */;
/*!40101 SET character_set_client = utf8 */;
CREATE TABLE `tipos_notas` (
  `id` int(11) NOT NULL AUTO_INCREMENT,
  `nombre` varchar(255) DEFAULT NULL,
  `descripcion` varchar(255) DEFAULT NULL,
  `created_at` datetime NOT NULL,
  `updated_at` datetime NOT NULL,
  PRIMARY KEY (`id`)
) ENGINE=InnoDB AUTO_INCREMENT=9 DEFAULT CHARSET=latin1;
/*!40101 SET character_set_client = @saved_cs_client */;

--
-- Dumping data for table `tipos_notas`
--

LOCK TABLES `tipos_notas` WRITE;
/*!40000 ALTER TABLE `tipos_notas` DISABLE KEYS */;
INSERT INTO `tipos_notas` VALUES (1,'Expedientes','','2013-06-09 17:44:18','2013-06-09 17:44:18'),(2,'Nota','Notas en general','2013-06-17 16:07:05','2014-03-10 18:24:47'),(3,'Planillas No Docentes','descripcion','2014-04-01 19:18:00','2014-09-03 19:35:46');
/*!40000 ALTER TABLE `tipos_notas` ENABLE KEYS */;
UNLOCK TABLES;

--
-- Table structure for table `users`
--

DROP TABLE IF EXISTS `users`;
/*!40101 SET @saved_cs_client     = @@character_set_client */;
/*!40101 SET character_set_client = utf8 */;
CREATE TABLE `users` (
  `id` int(11) NOT NULL AUTO_INCREMENT,
  `email` varchar(255) NOT NULL DEFAULT '',
  `encrypted_password` varchar(128) NOT NULL DEFAULT '',
  `reset_password_token` varchar(255) DEFAULT NULL,
  `reset_password_sent_at` datetime DEFAULT NULL,
  `remember_created_at` datetime DEFAULT NULL,
  `sign_in_count` int(11) DEFAULT '0',
  `current_sign_in_at` datetime DEFAULT NULL,
  `last_sign_in_at` datetime DEFAULT NULL,
  `current_sign_in_ip` varchar(255) DEFAULT NULL,
  `last_sign_in_ip` varchar(255) DEFAULT NULL,
  `created_at` datetime DEFAULT NULL,
  `updated_at` datetime DEFAULT NULL,
  `username` varchar(255) DEFAULT NULL,
  `rol_id` int(11) DEFAULT NULL,
  `dependencia_id` int(11) DEFAULT NULL,
  PRIMARY KEY (`id`),
  UNIQUE KEY `index_users_on_email` (`email`),
  UNIQUE KEY `index_users_on_reset_password_token` (`reset_password_token`),
  UNIQUE KEY `index_users_on_username` (`username`),
  KEY `index_users_on_rol_id` (`rol_id`),
  KEY `index_users_on_dependencia_id` (`dependencia_id`)
) ENGINE=InnoDB AUTO_INCREMENT=6 DEFAULT CHARSET=latin1;
/*!40101 SET character_set_client = @saved_cs_client */;

--
-- Dumping data for table `users`
--

LOCK TABLES `users` WRITE;
/*!40000 ALTER TABLE `users` DISABLE KEYS */;
INSERT INTO `users` VALUES (1,'mmarozzi@gmail.com','$2a$10$WoKH9DawiAl3.bqBOb1cm.kkiRCfiIRiyEwS6exe0GdgdpTPPvXa6','Bu5djKURMYEjRFdGx6iq','2014-03-20 20:19:44','2014-08-29 17:52:28',32,'2014-09-08 18:25:27','2014-09-02 18:23:52','127.0.0.1','127.0.0.1','2014-03-18 19:50:01','2014-09-08 18:25:27','mmarozzi',1,NULL),(2,'mbueno@exa.unrc.edu.ar','$2a$10$lYxwbS5Ik4Bdc13IVvaxA.QO71xpW/CncYQZPKpwAAd1ZzsmrhJTW',NULL,NULL,'2014-08-22 18:25:23',65,'2014-08-22 18:25:23','2014-08-22 17:59:05','200.7.130.207','200.7.130.207','2014-03-20 18:04:18','2014-08-22 18:25:23','mbueno',2,NULL),(3,'ivana@dc.exa.unrc.edu.ar','$2a$10$9EU5sljaPDq14RqnBfCA8ueH.ePfAzc5lV4AdXnAJ532Bc7qyazDq',NULL,NULL,NULL,10,'2014-04-16 19:40:28','2014-04-01 19:23:28','200.7.130.91','200.7.131.223','2014-03-20 18:11:36','2014-04-16 19:40:28','icardetti',3,7),(5,'mmarozzi@dc.exa.unrc.edu.ar','$2a$10$Ji6ZTgTzstXCyc2.J/OfnuIUL0oH1NWXJpqSRciJvU0WLZZlwbe4W',NULL,NULL,NULL,1,'2014-03-25 19:43:29','2014-03-25 19:43:29','127.0.0.1','127.0.0.1','2014-03-21 18:55:28','2014-03-25 19:43:29','test',2,NULL);
/*!40000 ALTER TABLE `users` ENABLE KEYS */;
UNLOCK TABLES;

--
-- Table structure for table `versions`
--

DROP TABLE IF EXISTS `versions`;
/*!40101 SET @saved_cs_client     = @@character_set_client */;
/*!40101 SET character_set_client = utf8 */;
CREATE TABLE `versions` (
  `id` int(11) NOT NULL AUTO_INCREMENT,
  `item_type` varchar(255) NOT NULL,
  `item_id` int(11) NOT NULL,
  `event` varchar(255) NOT NULL,
  `whodunnit` varchar(255) DEFAULT NULL,
  `object` text,
  `created_at` datetime DEFAULT NULL,
  `ip` varchar(255) DEFAULT NULL,
  `user_agent` varchar(255) DEFAULT NULL,
  `user_id` int(11) DEFAULT NULL,
  PRIMARY KEY (`id`),
  KEY `index_versions_on_item_type_and_item_id` (`item_type`,`item_id`)
) ENGINE=InnoDB AUTO_INCREMENT=348 DEFAULT CHARSET=latin1;
/*!40101 SET character_set_client = @saved_cs_client */;

--
-- Dumping data for table `versions`
--

LOCK TABLES `versions` WRITE;
/*!40000 ALTER TABLE `versions` DISABLE KEYS */;
INSERT INTO `versions` VALUES (11,'Organismo',9,'update',NULL,'---\nid: 9\nnombre: Organismo para prueva de versiones\ndescripcion: Se creo este organismo para ver si funcionan las versiones de los objetos\ncodigo: 7\ncreated_at: 2014-03-05 19:57:04.000000000 Z\nupdated_at: 2014-03-07 19:31:21.000000000 Z\nalias: alias\n','2014-03-07 19:33:36','127.0.0.1','Mozilla/5.0 (X11; Ubuntu; Linux x86_64; rv:20.0) Gecko/20100101 Firefox/20.0',-1),(12,'Organismo',9,'update','3','---\nid: 9\nnombre: Organismo para prueva de versiones\ndescripcion: Se creo este organismo para ver si funcionan las versiones de los objetos,\n  reniego mucho con los usuarios\ncodigo: 7\ncreated_at: 2014-03-05 19:57:04.000000000 Z\nupdated_at: 2014-03-07 19:33:36.000000000 Z\nalias: alias\n','2014-03-07 19:43:01','127.0.0.1','Mozilla/5.0 (X11; Ubuntu; Linux x86_64; rv:20.0) Gecko/20100101 Firefox/20.0',3),(13,'Cargo',15,'update','3','---\nid: 15\nnombre: Vice-Decano\ndescripcion: \ncreated_at: 2014-02-27 20:26:01.000000000 Z\nupdated_at: 2014-02-27 20:26:01.000000000 Z\n','2014-03-07 19:46:28','127.0.0.1','Mozilla/5.0 (X11; Ubuntu; Linux x86_64; rv:20.0) Gecko/20100101 Firefox/20.0',3),(14,'Dependencia',21,'update','3','---\nid: 21\nnombre: Rectorado\ndescripcion: \'\'\ncodigo: 62\ncreated_at: 2013-09-25 20:48:53.000000000 Z\nupdated_at: 2013-09-25 20:48:53.000000000 Z\norganismo_id: 2\nalias: \n','2014-03-07 19:51:42','127.0.0.1','Mozilla/5.0 (X11; Ubuntu; Linux x86_64; rv:20.0) Gecko/20100101 Firefox/20.0',3),(15,'Nota',39,'update','3','---\nid: 39\ntema: Funciona el codigo unico\ndescripcion: Ya esta funcionando la generacion de codigo unico\nfecha_ingreso: 2014-02-28\ncodigo: \'000022014\'\ntipo_nota_id: 1\nremitente_id: 84\ndestinatario_id: 84\nfecha_eliminada: \ncreated_at: 2014-02-28 19:50:35.000000000 Z\nupdated_at: 2014-02-28 19:50:35.000000000 Z\nfecha_nota: 2014-02-28\nfecha_carga: 2014-02-28\ntipo: 0\nestado: 1\ncargado_por_id: 3\nrecibido_por_id: 3\nparent_id: \ncargado_mesa_entrada: true\neliminada: false\n','2014-03-07 19:54:12','192.168.88.239','Mozilla/5.0 (Windows NT 6.1; WOW64) AppleWebKit/537.36 (KHTML, like Gecko) Chrome/33.0.1750.146 Safari/537.36',3),(16,'Persona',31,'create','3',NULL,'2014-03-07 20:04:50','127.0.0.1','Mozilla/5.0 (X11; Ubuntu; Linux x86_64; rv:20.0) Gecko/20100101 Firefox/20.0',3),(17,'Cargo',16,'create','3',NULL,'2014-03-07 20:05:04','127.0.0.1','Mozilla/5.0 (X11; Ubuntu; Linux x86_64; rv:20.0) Gecko/20100101 Firefox/20.0',3),(18,'Entidad',86,'create','3',NULL,'2014-03-07 20:05:10','127.0.0.1','Mozilla/5.0 (X11; Ubuntu; Linux x86_64; rv:20.0) Gecko/20100101 Firefox/20.0',3),(19,'Nota',40,'create','3',NULL,'2014-03-07 20:06:18','127.0.0.1','Mozilla/5.0 (X11; Ubuntu; Linux x86_64; rv:20.0) Gecko/20100101 Firefox/20.0',3),(20,'TipoNota',2,'update','3','---\nid: 2\nnombre: Nota\ndescripcion: \'\'\ncreated_at: 2013-06-17 16:07:05.000000000 Z\nupdated_at: 2013-06-17 16:07:05.000000000 Z\n','2014-03-10 18:24:47','127.0.0.1','Mozilla/5.0 (X11; Ubuntu; Linux x86_64; rv:27.0) Gecko/20100101 Firefox/27.0',3),(21,'NotaTemporal',1,'create','2',NULL,'2014-03-10 18:32:32','127.0.0.1','Mozilla/5.0 (X11; Ubuntu; Linux x86_64; rv:27.0) Gecko/20100101 Firefox/27.0',2),(22,'NotaTemporal',2,'create','2',NULL,'2014-03-10 18:51:09','127.0.0.1','Mozilla/5.0 (X11; Ubuntu; Linux x86_64; rv:27.0) Gecko/20100101 Firefox/27.0',2),(23,'Entidad',82,'update','3','---\nid: 82\npersona_id: 16\ndependencia_id: \ncargo_id: 8\nes_facultad: false\nuser_id: \ncreated_at: 2014-02-27 20:25:32.000000000 Z\nupdated_at: 2014-02-27 20:25:32.000000000 Z\nes_actual: true\n','2014-03-10 18:52:45','127.0.0.1','Mozilla/5.0 (X11; Ubuntu; Linux x86_64; rv:27.0) Gecko/20100101 Firefox/27.0',3),(24,'Entidad',83,'update','3','---\nid: 83\npersona_id: 30\ndependencia_id: 1\ncargo_id: 15\nes_facultad: false\nuser_id: \ncreated_at: 2014-02-27 20:26:05.000000000 Z\nupdated_at: 2014-02-27 20:26:05.000000000 Z\nes_actual: true\n','2014-03-10 18:52:46','127.0.0.1','Mozilla/5.0 (X11; Ubuntu; Linux x86_64; rv:27.0) Gecko/20100101 Firefox/27.0',3),(25,'Entidad',84,'update','3','---\nid: 84\npersona_id: 1\ndependencia_id: 29\ncargo_id: 10\nes_facultad: false\nuser_id: \ncreated_at: 2014-02-27 20:30:03.000000000 Z\nupdated_at: 2014-02-27 20:30:03.000000000 Z\nes_actual: true\n','2014-03-10 18:52:48','127.0.0.1','Mozilla/5.0 (X11; Ubuntu; Linux x86_64; rv:27.0) Gecko/20100101 Firefox/27.0',3),(26,'Entidad',85,'update','3','---\nid: 85\npersona_id: 17\ndependencia_id: 1\ncargo_id: 2\nes_facultad: false\nuser_id: \ncreated_at: 2014-02-27 20:30:28.000000000 Z\nupdated_at: 2014-02-27 20:30:28.000000000 Z\nes_actual: true\n','2014-03-10 18:52:49','127.0.0.1','Mozilla/5.0 (X11; Ubuntu; Linux x86_64; rv:27.0) Gecko/20100101 Firefox/27.0',3),(27,'Entidad',86,'update','3','---\nid: 86\npersona_id: 31\ndependencia_id: 1\ncargo_id: 16\nes_facultad: false\nuser_id: \ncreated_at: 2014-03-07 20:05:10.000000000 Z\nupdated_at: 2014-03-07 20:05:10.000000000 Z\nes_actual: true\n','2014-03-10 18:52:51','127.0.0.1','Mozilla/5.0 (X11; Ubuntu; Linux x86_64; rv:27.0) Gecko/20100101 Firefox/27.0',3),(28,'Persona',32,'create','3',NULL,'2014-03-10 20:29:33','127.0.0.1','Mozilla/5.0 (X11; Ubuntu; Linux x86_64; rv:27.0) Gecko/20100101 Firefox/27.0',3),(29,'Entidad',87,'create','3',NULL,'2014-03-10 20:29:38','127.0.0.1','Mozilla/5.0 (X11; Ubuntu; Linux x86_64; rv:27.0) Gecko/20100101 Firefox/27.0',3),(30,'Entidad',87,'destroy','3','---\nid: 87\npersona_id: 32\ndependencia_id: 7\ncargo_id: 1\nes_facultad: false\nuser_id: \ncreated_at: 2014-03-10 20:29:38.000000000 Z\nupdated_at: 2014-03-10 20:29:38.000000000 Z\nes_actual: true\n','2014-03-10 20:57:47','127.0.0.1','Mozilla/5.0 (X11; Ubuntu; Linux x86_64; rv:27.0) Gecko/20100101 Firefox/27.0',3),(31,'Entidad',88,'create','3',NULL,'2014-03-10 21:00:34','127.0.0.1','Mozilla/5.0 (X11; Ubuntu; Linux x86_64; rv:27.0) Gecko/20100101 Firefox/27.0',3),(32,'User',3,'update','3','---\nid: 3\nusername: mbueno\nemail: mbueno@exa.unrc.edu.ar\npassword_hash: $2a$10$g1ENtzxAI9sFvV60ASU7T.nLifbmVQAGYOabfaq1C5ODmJgs24IJO\npassword_salt: $2a$10$g1ENtzxAI9sFvV60ASU7T.\nactive: true\ncreated_at: 2013-09-18 18:41:45.000000000 Z\nupdated_at: 2013-09-18 18:57:05.000000000 Z\nrol_id: 2\ndependencia_id: \n','2014-03-12 19:33:14','127.0.0.1','Mozilla/5.0 (X11; Ubuntu; Linux x86_64; rv:27.0) Gecko/20100101 Firefox/27.0',3),(33,'User',3,'update','3','---\nid: 3\nusername: mbueno\nemail: mbueno@exa.unrc.edu.ar\npassword_hash: $2a$10$3ODEtTLTOvHmTJCMOp4KJOc0SqKpNqG2BnlFmETdvpdWmvz4WilR2\npassword_salt: $2a$10$3ODEtTLTOvHmTJCMOp4KJO\nactive: true\ncreated_at: 2013-09-18 18:41:45.000000000 Z\nupdated_at: 2014-03-12 19:33:14.000000000 Z\nrol_id: 2\ndependencia_id: \n','2014-03-12 19:53:56','127.0.0.1','Mozilla/5.0 (X11; Ubuntu; Linux x86_64; rv:27.0) Gecko/20100101 Firefox/27.0',3),(34,'User',3,'update','3','---\nid: 3\nusername: mbueno\nemail: mbueno@exa.unrc.edu.ar\npassword_hash: $2a$10$/VUEe4Ubezg.XShFrmwJTeh0FHnSiw9lDvK8Jvy82RKTi3Zrnzi.S\npassword_salt: $2a$10$/VUEe4Ubezg.XShFrmwJTe\nactive: true\ncreated_at: 2013-09-18 18:41:45.000000000 Z\nupdated_at: 2014-03-12 19:53:56.000000000 Z\nrol_id: 2\ndependencia_id: \n','2014-03-12 20:02:16','127.0.0.1','Mozilla/5.0 (X11; Ubuntu; Linux x86_64; rv:27.0) Gecko/20100101 Firefox/27.0',3),(35,'Entidad',89,'create','3',NULL,'2014-03-17 19:22:42','127.0.0.1','Mozilla/5.0 (X11; Ubuntu; Linux x86_64; rv:27.0) Gecko/20100101 Firefox/27.0',3),(36,'Entidad',89,'destroy','3','---\nid: 89\npersona_id: 16\ndependencia_id: 1\ncargo_id: 8\nes_facultad: false\nuser_id: \ncreated_at: 2014-03-17 19:22:41.000000000 Z\nupdated_at: 2014-03-17 19:22:41.000000000 Z\nes_actual: true\n','2014-03-17 19:23:43','127.0.0.1','Mozilla/5.0 (X11; Ubuntu; Linux x86_64; rv:27.0) Gecko/20100101 Firefox/27.0',3),(37,'Entidad',82,'update','3','---\nid: 82\npersona_id: 16\ndependencia_id: \ncargo_id: 8\nes_facultad: true\nuser_id: \ncreated_at: 2014-02-27 20:25:32.000000000 Z\nupdated_at: 2014-03-10 18:52:45.000000000 Z\nes_actual: true\n','2014-03-17 19:24:04','127.0.0.1','Mozilla/5.0 (X11; Ubuntu; Linux x86_64; rv:27.0) Gecko/20100101 Firefox/27.0',3),(38,'Nota',41,'create','3',NULL,'2014-03-17 19:45:25','127.0.0.1','Mozilla/5.0 (X11; Ubuntu; Linux x86_64; rv:27.0) Gecko/20100101 Firefox/27.0',3),(39,'NotaTemporal',1,'update','3','---\nid: 1\ntema: Destinatario No aparece\ndescripcion: \"Em el alta de notas desde la vista de secretaria de departamentos, no\n  me aparecio ningun destinatario.\\r\\nCalculo que es porque ninguno tiene el es_facultad\n  activo.\\r\\nes_facultad deberia ser en realidad algo como \\\"puede recibir notas desde\n  los departamentos\\\"\"\nfecha_nota: 2014-03-05\nfecha_carga: 2014-03-10\ncodigo: \'00560000201403050001\'\ntipo_nota_id: 2\nremitente_id: \ntexto_remitente: \'Director: Arroyo, Marcelo\'\ndestinatario_id: \ntexto_destinatario: \'Decana: Cattana, Rosa\'\ncargado_por_id: 2\ndependencia_id: 7\nestado: 0\nnota_id: \ncreated_at: 2014-03-10 18:32:32.000000000 Z\nupdated_at: 2014-03-10 18:32:32.000000000 Z\n','2014-03-17 19:45:25','127.0.0.1','Mozilla/5.0 (X11; Ubuntu; Linux x86_64; rv:27.0) Gecko/20100101 Firefox/27.0',3),(40,'Nota',42,'create','3',NULL,'2014-03-17 19:46:34','127.0.0.1','Mozilla/5.0 (X11; Ubuntu; Linux x86_64; rv:27.0) Gecko/20100101 Firefox/27.0',3),(41,'NotaTemporal',3,'create','2',NULL,'2014-03-17 19:47:44','127.0.0.1','Mozilla/5.0 (X11; Ubuntu; Linux x86_64; rv:27.0) Gecko/20100101 Firefox/27.0',2),(42,'Nota',43,'create','3',NULL,'2014-03-17 20:25:32','127.0.0.1','Mozilla/5.0 (X11; Ubuntu; Linux x86_64; rv:27.0) Gecko/20100101 Firefox/27.0',3),(43,'NotaTemporal',2,'update','3','---\nid: 2\ntema: Generacion de Codigos\ndescripcion: \"Hay que hacer un solo metodo que calcule el codigo de la nota. Y deberia\n  estar fuera del modelo nota.\\r\\nAdemas se deberia realizar esta accion de manera\n  atomica.\"\nfecha_nota: 2014-03-10\nfecha_carga: 2014-03-10\ncodigo: \'000102014\'\ntipo_nota_id: 2\nremitente_id: \ntexto_remitente: \'Director: Arroyo, Marcelo\'\ndestinatario_id: \ntexto_destinatario: \'Programador: Marozzi, Mauro\'\ncargado_por_id: 2\ndependencia_id: 7\nestado: 0\nnota_id: \ncreated_at: 2014-03-10 18:51:09.000000000 Z\nupdated_at: 2014-03-10 18:51:09.000000000 Z\n','2014-03-17 20:25:32','127.0.0.1','Mozilla/5.0 (X11; Ubuntu; Linux x86_64; rv:27.0) Gecko/20100101 Firefox/27.0',3),(44,'Nota',44,'create','3',NULL,'2014-03-17 20:26:23','127.0.0.1','Mozilla/5.0 (X11; Ubuntu; Linux x86_64; rv:27.0) Gecko/20100101 Firefox/27.0',3),(45,'User',2,'update',NULL,'---\nid: 2\nemail: mbueno@exa.unrc.edu.ar\nencrypted_password: $2a$10$lYxwbS5Ik4Bdc13IVvaxA.QO71xpW/CncYQZPKpwAAd1ZzsmrhJTW\nreset_password_token: \nreset_password_sent_at: \nremember_created_at: \nsign_in_count: 3\ncurrent_sign_in_at: 2014-03-20 20:08:16.000000000 Z\nlast_sign_in_at: 2014-03-20 19:55:02.000000000 Z\ncurrent_sign_in_ip: 127.0.0.1\nlast_sign_in_ip: 127.0.0.1\ncreated_at: 2014-03-20 18:04:18.000000000 Z\nupdated_at: 2014-03-20 20:08:16.000000000 Z\nusername: mbueno\nrol_id: 2\ndependencia_id: \n','2014-03-26 19:10:09',NULL,NULL,NULL),(46,'Nota',45,'create','2',NULL,'2014-03-26 19:10:44','127.0.0.1','Mozilla/5.0 (X11; Ubuntu; Linux x86_64; rv:27.0) Gecko/20100101 Firefox/27.0',2),(47,'NotaTemporal',3,'update','2','---\nid: 3\ntema: Carga de nota\ndescripcion: Carga de nota temporal con el usuario icardetti\nfecha_nota: 2014-03-17\nfecha_carga: 2014-03-17\ncodigo: 000082014\ntipo_nota_id: 2\nremitente_id: 88\ntexto_remitente: \'\'\ndestinatario_id: 84\ntexto_destinatario: \'\'\ncargado_por_id: 2\ndependencia_id: 7\nestado: 0\nnota_id: \ncreated_at: 2014-03-17 19:47:44.000000000 Z\nupdated_at: 2014-03-17 19:47:44.000000000 Z\n','2014-03-26 19:10:44','127.0.0.1','Mozilla/5.0 (X11; Ubuntu; Linux x86_64; rv:27.0) Gecko/20100101 Firefox/27.0',2),(48,'Nota',45,'update','2','---\nid: 45\ntema: Carga de nota\ndescripcion: Carga de nota temporal con el usuario icardetti\nfecha_ingreso: 2014-03-26\ncodigo: 000082014\ntipo_nota_id: 2\nremitente_id: 88\ndestinatario_id: 84\nfecha_eliminada: \ncreated_at: 2014-03-26 19:10:44.000000000 Z\nupdated_at: 2014-03-26 19:10:44.000000000 Z\nfecha_nota: 2014-03-17\nfecha_carga: 2014-03-17\ntipo: 0\nestado: 1\ncargado_por_id: 2\nrecibido_por_id: 2\nparent_id: 42\ncargado_mesa_entrada: false\neliminada: false\n','2014-03-26 19:11:42','127.0.0.1','Mozilla/5.0 (X11; Ubuntu; Linux x86_64; rv:27.0) Gecko/20100101 Firefox/27.0',2),(49,'Nota',39,'update','2','---\nid: 39\ntema: Funciona el código único\ndescripcion: Ya esta funcionando la generacion de codigo unico\nfecha_ingreso: 2014-02-28\ncodigo: \'000022014\'\ntipo_nota_id: 1\nremitente_id: 84\ndestinatario_id: 84\nfecha_eliminada: \ncreated_at: 2014-02-28 19:50:35.000000000 Z\nupdated_at: 2014-03-07 19:54:12.000000000 Z\nfecha_nota: 2014-02-28\nfecha_carga: 2014-02-28\ntipo: 0\nestado: 1\ncargado_por_id: 3\nrecibido_por_id: 3\nparent_id: 36\ncargado_mesa_entrada: true\neliminada: false\n','2014-03-26 19:18:38','127.0.0.1','Mozilla/5.0 (X11; Ubuntu; Linux x86_64; rv:27.0) Gecko/20100101 Firefox/27.0',2),(50,'Nota',42,'update','2','---\nid: 42\ntema: Visualizacion\ndescripcion: \"Se confunde mucho que es remitente y que destinatario-\\r\\n\\r\\nAdemas\n  tengo que probar nuevamente la generacion de codigo tanto para Notas como notas\n  temporales\"\nfecha_ingreso: 2014-03-17\ncodigo: \'000072014\'\ntipo_nota_id: 2\nremitente_id: 84\ndestinatario_id: 83\nfecha_eliminada: \ncreated_at: 2014-03-17 19:46:34.000000000 Z\nupdated_at: 2014-03-17 19:46:34.000000000 Z\nfecha_nota: 2014-03-17\nfecha_carga: 2014-03-17\ntipo: 0\nestado: 1\ncargado_por_id: 3\nrecibido_por_id: 3\nparent_id: 44\ncargado_mesa_entrada: true\neliminada: false\n','2014-03-26 19:25:29','127.0.0.1','Mozilla/5.0 (X11; Ubuntu; Linux x86_64; rv:27.0) Gecko/20100101 Firefox/27.0',2),(51,'User',2,'update',NULL,'---\nid: 2\nemail: mbueno@exa.unrc.edu.ar\nencrypted_password: $2a$10$lYxwbS5Ik4Bdc13IVvaxA.QO71xpW/CncYQZPKpwAAd1ZzsmrhJTW\nreset_password_token: \nreset_password_sent_at: \nremember_created_at: \nsign_in_count: 4\ncurrent_sign_in_at: 2014-03-26 19:10:08.000000000 Z\nlast_sign_in_at: 2014-03-20 20:08:16.000000000 Z\ncurrent_sign_in_ip: 127.0.0.1\nlast_sign_in_ip: 127.0.0.1\ncreated_at: 2014-03-20 18:04:18.000000000 Z\nupdated_at: 2014-03-26 19:10:08.000000000 Z\nusername: mbueno\nrol_id: 2\ndependencia_id: \n','2014-03-31 18:45:16','127.0.0.1','Mozilla/5.0 (X11; Ubuntu; Linux x86_64; rv:27.0) Gecko/20100101 Firefox/27.0',-2),(52,'User',2,'update',NULL,'---\nid: 2\nemail: mbueno@exa.unrc.edu.ar\nencrypted_password: $2a$10$lYxwbS5Ik4Bdc13IVvaxA.QO71xpW/CncYQZPKpwAAd1ZzsmrhJTW\nreset_password_token: \nreset_password_sent_at: \nremember_created_at: \nsign_in_count: 5\ncurrent_sign_in_at: 2014-03-31 18:45:16.000000000 Z\nlast_sign_in_at: 2014-03-26 19:10:08.000000000 Z\ncurrent_sign_in_ip: 127.0.0.1\nlast_sign_in_ip: 127.0.0.1\ncreated_at: 2014-03-20 18:04:18.000000000 Z\nupdated_at: 2014-03-31 18:45:16.000000000 Z\nusername: mbueno\nrol_id: 2\ndependencia_id: \n','2014-03-31 19:27:04','200.7.130.206','Mozilla/5.0 (Windows NT 5.1; rv:27.0) Gecko/20100101 Firefox/27.0',-2),(53,'Nota',46,'create','2',NULL,'2014-03-31 19:29:49','200.7.130.206','Mozilla/5.0 (Windows NT 5.1; rv:27.0) Gecko/20100101 Firefox/27.0',2),(54,'Nota',47,'create','2',NULL,'2014-03-31 19:29:49','200.7.130.206','Mozilla/5.0 (Windows NT 5.1; rv:27.0) Gecko/20100101 Firefox/27.0',2),(55,'User',3,'update',NULL,'---\nid: 3\nemail: ivana@dc.exa.unrc.edu.ar\nencrypted_password: $2a$10$9EU5sljaPDq14RqnBfCA8ueH.ePfAzc5lV4AdXnAJ532Bc7qyazDq\nreset_password_token: \nreset_password_sent_at: \nremember_created_at: \nsign_in_count: 2\ncurrent_sign_in_at: 2014-03-20 20:18:40.000000000 Z\nlast_sign_in_at: 2014-03-20 19:55:17.000000000 Z\ncurrent_sign_in_ip: 127.0.0.1\nlast_sign_in_ip: 127.0.0.1\ncreated_at: 2014-03-20 18:11:36.000000000 Z\nupdated_at: 2014-03-20 20:18:40.000000000 Z\nusername: icardetti\nrol_id: 3\ndependencia_id: 7\n','2014-03-31 19:31:18','127.0.0.1','Mozilla/5.0 (X11; Ubuntu; Linux x86_64; rv:27.0) Gecko/20100101 Firefox/27.0',-2),(56,'NotaTemporal',4,'create','3',NULL,'2014-03-31 19:31:49','127.0.0.1','Mozilla/5.0 (X11; Ubuntu; Linux x86_64; rv:27.0) Gecko/20100101 Firefox/27.0',3),(57,'User',2,'update',NULL,'---\nid: 2\nemail: mbueno@exa.unrc.edu.ar\nencrypted_password: $2a$10$lYxwbS5Ik4Bdc13IVvaxA.QO71xpW/CncYQZPKpwAAd1ZzsmrhJTW\nreset_password_token: \nreset_password_sent_at: \nremember_created_at: \nsign_in_count: 6\ncurrent_sign_in_at: 2014-03-31 19:27:04.000000000 Z\nlast_sign_in_at: 2014-03-31 18:45:16.000000000 Z\ncurrent_sign_in_ip: 200.7.130.206\nlast_sign_in_ip: 127.0.0.1\ncreated_at: 2014-03-20 18:04:18.000000000 Z\nupdated_at: 2014-03-31 19:27:04.000000000 Z\nusername: mbueno\nrol_id: 2\ndependencia_id: \n','2014-03-31 19:36:32','127.0.0.1','Mozilla/5.0 (X11; Ubuntu; Linux x86_64; rv:27.0) Gecko/20100101 Firefox/27.0',-2),(58,'User',3,'update',NULL,'---\nid: 3\nemail: ivana@dc.exa.unrc.edu.ar\nencrypted_password: $2a$10$9EU5sljaPDq14RqnBfCA8ueH.ePfAzc5lV4AdXnAJ532Bc7qyazDq\nreset_password_token: \nreset_password_sent_at: \nremember_created_at: \nsign_in_count: 3\ncurrent_sign_in_at: 2014-03-31 19:31:18.000000000 Z\nlast_sign_in_at: 2014-03-20 20:18:40.000000000 Z\ncurrent_sign_in_ip: 127.0.0.1\nlast_sign_in_ip: 127.0.0.1\ncreated_at: 2014-03-20 18:11:36.000000000 Z\nupdated_at: 2014-03-31 19:31:18.000000000 Z\nusername: icardetti\nrol_id: 3\ndependencia_id: 7\n','2014-03-31 19:38:24','127.0.0.1','Mozilla/5.0 (X11; Ubuntu; Linux x86_64; rv:27.0) Gecko/20100101 Firefox/27.0',-2),(59,'User',2,'update',NULL,'---\nid: 2\nemail: mbueno@exa.unrc.edu.ar\nencrypted_password: $2a$10$lYxwbS5Ik4Bdc13IVvaxA.QO71xpW/CncYQZPKpwAAd1ZzsmrhJTW\nreset_password_token: \nreset_password_sent_at: \nremember_created_at: \nsign_in_count: 7\ncurrent_sign_in_at: 2014-03-31 19:36:32.000000000 Z\nlast_sign_in_at: 2014-03-31 19:27:04.000000000 Z\ncurrent_sign_in_ip: 127.0.0.1\nlast_sign_in_ip: 200.7.130.206\ncreated_at: 2014-03-20 18:04:18.000000000 Z\nupdated_at: 2014-03-31 19:36:32.000000000 Z\nusername: mbueno\nrol_id: 2\ndependencia_id: \n','2014-03-31 19:39:13',NULL,NULL,NULL),(60,'Nota',48,'create','2',NULL,'2014-03-31 19:39:48','200.7.130.206','Mozilla/5.0 (Windows NT 5.1; rv:27.0) Gecko/20100101 Firefox/27.0',2),(61,'User',2,'update',NULL,'---\nid: 2\nemail: mbueno@exa.unrc.edu.ar\nencrypted_password: $2a$10$lYxwbS5Ik4Bdc13IVvaxA.QO71xpW/CncYQZPKpwAAd1ZzsmrhJTW\nreset_password_token: \nreset_password_sent_at: \nremember_created_at: \nsign_in_count: 8\ncurrent_sign_in_at: 2014-03-31 19:39:13.000000000 Z\nlast_sign_in_at: 2014-03-31 19:36:32.000000000 Z\ncurrent_sign_in_ip: 200.7.130.206\nlast_sign_in_ip: 127.0.0.1\ncreated_at: 2014-03-20 18:04:18.000000000 Z\nupdated_at: 2014-03-31 19:39:13.000000000 Z\nusername: mbueno\nrol_id: 2\ndependencia_id: \n','2014-03-31 19:41:51','127.0.0.1','Mozilla/5.0 (X11; Ubuntu; Linux x86_64; rv:27.0) Gecko/20100101 Firefox/27.0',-2),(62,'User',2,'update',NULL,'---\nid: 2\nemail: mbueno@exa.unrc.edu.ar\nencrypted_password: $2a$10$lYxwbS5Ik4Bdc13IVvaxA.QO71xpW/CncYQZPKpwAAd1ZzsmrhJTW\nreset_password_token: \nreset_password_sent_at: \nremember_created_at: \nsign_in_count: 9\ncurrent_sign_in_at: 2014-03-31 19:41:51.000000000 Z\nlast_sign_in_at: 2014-03-31 19:39:13.000000000 Z\ncurrent_sign_in_ip: 127.0.0.1\nlast_sign_in_ip: 200.7.130.206\ncreated_at: 2014-03-20 18:04:18.000000000 Z\nupdated_at: 2014-03-31 19:41:51.000000000 Z\nusername: mbueno\nrol_id: 2\ndependencia_id: \n','2014-03-31 19:48:28','127.0.0.1','Mozilla/5.0 (X11; Ubuntu; Linux x86_64; rv:28.0) Gecko/20100101 Firefox/28.0',-2),(63,'User',2,'update',NULL,'---\nid: 2\nemail: mbueno@exa.unrc.edu.ar\nencrypted_password: $2a$10$lYxwbS5Ik4Bdc13IVvaxA.QO71xpW/CncYQZPKpwAAd1ZzsmrhJTW\nreset_password_token: \nreset_password_sent_at: \nremember_created_at: \nsign_in_count: 10\ncurrent_sign_in_at: 2014-03-31 19:48:27.000000000 Z\nlast_sign_in_at: 2014-03-31 19:41:51.000000000 Z\ncurrent_sign_in_ip: 127.0.0.1\nlast_sign_in_ip: 127.0.0.1\ncreated_at: 2014-03-20 18:04:18.000000000 Z\nupdated_at: 2014-03-31 19:48:27.000000000 Z\nusername: mbueno\nrol_id: 2\ndependencia_id: \n','2014-03-31 19:53:11',NULL,NULL,NULL),(64,'User',3,'update',NULL,'---\nid: 3\nemail: ivana@dc.exa.unrc.edu.ar\nencrypted_password: $2a$10$9EU5sljaPDq14RqnBfCA8ueH.ePfAzc5lV4AdXnAJ532Bc7qyazDq\nreset_password_token: \nreset_password_sent_at: \nremember_created_at: \nsign_in_count: 4\ncurrent_sign_in_at: 2014-03-31 19:38:24.000000000 Z\nlast_sign_in_at: 2014-03-31 19:31:18.000000000 Z\ncurrent_sign_in_ip: 127.0.0.1\nlast_sign_in_ip: 127.0.0.1\ncreated_at: 2014-03-20 18:11:36.000000000 Z\nupdated_at: 2014-03-31 19:38:24.000000000 Z\nusername: icardetti\nrol_id: 3\ndependencia_id: 7\n','2014-03-31 20:15:49','127.0.0.1','Mozilla/5.0 (X11; Ubuntu; Linux x86_64; rv:28.0) Gecko/20100101 Firefox/28.0',-2),(65,'User',3,'update',NULL,'---\nid: 3\nemail: ivana@dc.exa.unrc.edu.ar\nencrypted_password: $2a$10$9EU5sljaPDq14RqnBfCA8ueH.ePfAzc5lV4AdXnAJ532Bc7qyazDq\nreset_password_token: \nreset_password_sent_at: \nremember_created_at: 2014-03-31 20:15:49.607708562 Z\nsign_in_count: 4\ncurrent_sign_in_at: 2014-03-31 19:38:24.000000000 Z\nlast_sign_in_at: 2014-03-31 19:31:18.000000000 Z\ncurrent_sign_in_ip: 127.0.0.1\nlast_sign_in_ip: 127.0.0.1\ncreated_at: 2014-03-20 18:11:36.000000000 Z\nupdated_at: 2014-03-31 20:15:49.609124753 Z\nusername: icardetti\nrol_id: 3\ndependencia_id: 7\n','2014-03-31 20:15:49','127.0.0.1','Mozilla/5.0 (X11; Ubuntu; Linux x86_64; rv:28.0) Gecko/20100101 Firefox/28.0',-2),(66,'User',3,'update','3','---\nid: 3\nemail: ivana@dc.exa.unrc.edu.ar\nencrypted_password: $2a$10$9EU5sljaPDq14RqnBfCA8ueH.ePfAzc5lV4AdXnAJ532Bc7qyazDq\nreset_password_token: \nreset_password_sent_at: \nremember_created_at: 2014-03-31 20:15:49.000000000 Z\nsign_in_count: 5\ncurrent_sign_in_at: 2014-03-31 20:15:49.000000000 Z\nlast_sign_in_at: 2014-03-31 19:38:24.000000000 Z\ncurrent_sign_in_ip: 127.0.0.1\nlast_sign_in_ip: 127.0.0.1\ncreated_at: 2014-03-20 18:11:36.000000000 Z\nupdated_at: 2014-03-31 20:15:49.000000000 Z\nusername: icardetti\nrol_id: 3\ndependencia_id: 7\n','2014-03-31 20:23:00','127.0.0.1','Mozilla/5.0 (X11; Ubuntu; Linux x86_64; rv:28.0) Gecko/20100101 Firefox/28.0',3),(67,'User',2,'update',NULL,'---\nid: 2\nemail: mbueno@exa.unrc.edu.ar\nencrypted_password: $2a$10$lYxwbS5Ik4Bdc13IVvaxA.QO71xpW/CncYQZPKpwAAd1ZzsmrhJTW\nreset_password_token: \nreset_password_sent_at: \nremember_created_at: \nsign_in_count: 11\ncurrent_sign_in_at: 2014-03-31 19:53:11.000000000 Z\nlast_sign_in_at: 2014-03-31 19:48:27.000000000 Z\ncurrent_sign_in_ip: 200.7.130.206\nlast_sign_in_ip: 127.0.0.1\ncreated_at: 2014-03-20 18:04:18.000000000 Z\nupdated_at: 2014-03-31 19:53:11.000000000 Z\nusername: mbueno\nrol_id: 2\ndependencia_id: \n','2014-03-31 20:23:04','127.0.0.1','Mozilla/5.0 (X11; Ubuntu; Linux x86_64; rv:28.0) Gecko/20100101 Firefox/28.0',-2),(68,'User',2,'update',NULL,'---\nid: 2\nemail: mbueno@exa.unrc.edu.ar\nencrypted_password: $2a$10$lYxwbS5Ik4Bdc13IVvaxA.QO71xpW/CncYQZPKpwAAd1ZzsmrhJTW\nreset_password_token: \nreset_password_sent_at: \nremember_created_at: \nsign_in_count: 12\ncurrent_sign_in_at: 2014-03-31 20:23:04.000000000 Z\nlast_sign_in_at: 2014-03-31 19:53:11.000000000 Z\ncurrent_sign_in_ip: 127.0.0.1\nlast_sign_in_ip: 200.7.130.206\ncreated_at: 2014-03-20 18:04:18.000000000 Z\nupdated_at: 2014-03-31 20:23:04.000000000 Z\nusername: mbueno\nrol_id: 2\ndependencia_id: \n','2014-03-31 20:44:31','127.0.0.1','Mozilla/5.0 (X11; Ubuntu; Linux x86_64; rv:28.0) Gecko/20100101 Firefox/28.0',-2),(69,'User',2,'update',NULL,'---\nid: 2\nemail: mbueno@exa.unrc.edu.ar\nencrypted_password: $2a$10$lYxwbS5Ik4Bdc13IVvaxA.QO71xpW/CncYQZPKpwAAd1ZzsmrhJTW\nreset_password_token: \nreset_password_sent_at: \nremember_created_at: 2014-03-31 20:44:31.268691655 Z\nsign_in_count: 12\ncurrent_sign_in_at: 2014-03-31 20:23:04.000000000 Z\nlast_sign_in_at: 2014-03-31 19:53:11.000000000 Z\ncurrent_sign_in_ip: 127.0.0.1\nlast_sign_in_ip: 200.7.130.206\ncreated_at: 2014-03-20 18:04:18.000000000 Z\nupdated_at: 2014-03-31 20:44:31.269522821 Z\nusername: mbueno\nrol_id: 2\ndependencia_id: \n','2014-03-31 20:44:31','127.0.0.1','Mozilla/5.0 (X11; Ubuntu; Linux x86_64; rv:28.0) Gecko/20100101 Firefox/28.0',-2),(70,'User',2,'update','2','---\nid: 2\nemail: mbueno@exa.unrc.edu.ar\nencrypted_password: $2a$10$lYxwbS5Ik4Bdc13IVvaxA.QO71xpW/CncYQZPKpwAAd1ZzsmrhJTW\nreset_password_token: \nreset_password_sent_at: \nremember_created_at: 2014-03-31 20:44:31.000000000 Z\nsign_in_count: 13\ncurrent_sign_in_at: 2014-03-31 20:44:31.000000000 Z\nlast_sign_in_at: 2014-03-31 20:23:04.000000000 Z\ncurrent_sign_in_ip: 127.0.0.1\nlast_sign_in_ip: 127.0.0.1\ncreated_at: 2014-03-20 18:04:18.000000000 Z\nupdated_at: 2014-03-31 20:44:31.000000000 Z\nusername: mbueno\nrol_id: 2\ndependencia_id: \n','2014-03-31 20:45:24','127.0.0.1','Mozilla/5.0 (X11; Ubuntu; Linux x86_64; rv:28.0) Gecko/20100101 Firefox/28.0',2),(71,'User',2,'update',NULL,'---\nid: 2\nemail: mbueno@exa.unrc.edu.ar\nencrypted_password: $2a$10$lYxwbS5Ik4Bdc13IVvaxA.QO71xpW/CncYQZPKpwAAd1ZzsmrhJTW\nreset_password_token: \nreset_password_sent_at: \nremember_created_at: \nsign_in_count: 13\ncurrent_sign_in_at: 2014-03-31 20:44:31.000000000 Z\nlast_sign_in_at: 2014-03-31 20:23:04.000000000 Z\ncurrent_sign_in_ip: 127.0.0.1\nlast_sign_in_ip: 127.0.0.1\ncreated_at: 2014-03-20 18:04:18.000000000 Z\nupdated_at: 2014-03-31 20:45:24.000000000 Z\nusername: mbueno\nrol_id: 2\ndependencia_id: \n','2014-04-01 12:22:51','200.7.130.221','Mozilla/5.0 (X11; Ubuntu; Linux x86_64; rv:28.0) Gecko/20100101 Firefox/28.0',-2),(72,'User',3,'update',NULL,'---\nid: 3\nemail: ivana@dc.exa.unrc.edu.ar\nencrypted_password: $2a$10$9EU5sljaPDq14RqnBfCA8ueH.ePfAzc5lV4AdXnAJ532Bc7qyazDq\nreset_password_token: \nreset_password_sent_at: \nremember_created_at: \nsign_in_count: 5\ncurrent_sign_in_at: 2014-03-31 20:15:49.000000000 Z\nlast_sign_in_at: 2014-03-31 19:38:24.000000000 Z\ncurrent_sign_in_ip: 127.0.0.1\nlast_sign_in_ip: 127.0.0.1\ncreated_at: 2014-03-20 18:11:36.000000000 Z\nupdated_at: 2014-03-31 20:23:00.000000000 Z\nusername: icardetti\nrol_id: 3\ndependencia_id: 7\n','2014-04-01 12:24:58','200.7.130.221','Mozilla/5.0 (X11; Ubuntu; Linux x86_64; rv:28.0) Gecko/20100101 Firefox/28.0',-2),(73,'User',2,'update',NULL,'---\nid: 2\nemail: mbueno@exa.unrc.edu.ar\nencrypted_password: $2a$10$lYxwbS5Ik4Bdc13IVvaxA.QO71xpW/CncYQZPKpwAAd1ZzsmrhJTW\nreset_password_token: \nreset_password_sent_at: \nremember_created_at: \nsign_in_count: 14\ncurrent_sign_in_at: 2014-04-01 12:22:51.000000000 Z\nlast_sign_in_at: 2014-03-31 20:44:31.000000000 Z\ncurrent_sign_in_ip: 200.7.130.221\nlast_sign_in_ip: 127.0.0.1\ncreated_at: 2014-03-20 18:04:18.000000000 Z\nupdated_at: 2014-04-01 12:22:51.000000000 Z\nusername: mbueno\nrol_id: 2\ndependencia_id: \n','2014-04-01 12:32:26',NULL,NULL,NULL),(74,'User',2,'update',NULL,'---\nid: 2\nemail: mbueno@exa.unrc.edu.ar\nencrypted_password: $2a$10$lYxwbS5Ik4Bdc13IVvaxA.QO71xpW/CncYQZPKpwAAd1ZzsmrhJTW\nreset_password_token: \nreset_password_sent_at: \nremember_created_at: \nsign_in_count: 15\ncurrent_sign_in_at: 2014-04-01 12:32:26.000000000 Z\nlast_sign_in_at: 2014-04-01 12:22:51.000000000 Z\ncurrent_sign_in_ip: 200.7.130.221\nlast_sign_in_ip: 200.7.130.221\ncreated_at: 2014-03-20 18:04:18.000000000 Z\nupdated_at: 2014-04-01 12:32:26.000000000 Z\nusername: mbueno\nrol_id: 2\ndependencia_id: \n','2014-04-01 12:55:02',NULL,NULL,NULL),(75,'User',3,'update',NULL,'---\nid: 3\nemail: ivana@dc.exa.unrc.edu.ar\nencrypted_password: $2a$10$9EU5sljaPDq14RqnBfCA8ueH.ePfAzc5lV4AdXnAJ532Bc7qyazDq\nreset_password_token: \nreset_password_sent_at: \nremember_created_at: \nsign_in_count: 6\ncurrent_sign_in_at: 2014-04-01 12:24:58.000000000 Z\nlast_sign_in_at: 2014-03-31 20:15:49.000000000 Z\ncurrent_sign_in_ip: 200.7.130.221\nlast_sign_in_ip: 127.0.0.1\ncreated_at: 2014-03-20 18:11:36.000000000 Z\nupdated_at: 2014-04-01 12:24:58.000000000 Z\nusername: icardetti\nrol_id: 3\ndependencia_id: 7\n','2014-04-01 13:13:48','200.7.130.221','Mozilla/5.0 (X11; Ubuntu; Linux x86_64; rv:28.0) Gecko/20100101 Firefox/28.0',-2),(76,'NotaTemporal',5,'create','3',NULL,'2014-04-01 13:17:45','200.7.130.221','Mozilla/5.0 (X11; Ubuntu; Linux x86_64; rv:28.0) Gecko/20100101 Firefox/28.0',3),(77,'NotaTemporal',6,'create','3',NULL,'2014-04-01 13:20:02','200.7.130.221','Mozilla/5.0 (X11; Ubuntu; Linux x86_64; rv:28.0) Gecko/20100101 Firefox/28.0',3),(78,'User',2,'update',NULL,'---\nid: 2\nemail: mbueno@exa.unrc.edu.ar\nencrypted_password: $2a$10$lYxwbS5Ik4Bdc13IVvaxA.QO71xpW/CncYQZPKpwAAd1ZzsmrhJTW\nreset_password_token: \nreset_password_sent_at: \nremember_created_at: \nsign_in_count: 16\ncurrent_sign_in_at: 2014-04-01 12:55:02.000000000 Z\nlast_sign_in_at: 2014-04-01 12:32:26.000000000 Z\ncurrent_sign_in_ip: 200.7.130.221\nlast_sign_in_ip: 200.7.130.221\ncreated_at: 2014-03-20 18:04:18.000000000 Z\nupdated_at: 2014-04-01 12:55:02.000000000 Z\nusername: mbueno\nrol_id: 2\ndependencia_id: \n','2014-04-01 13:20:26','200.7.130.221','Mozilla/5.0 (X11; Ubuntu; Linux x86_64; rv:28.0) Gecko/20100101 Firefox/28.0',-2),(79,'User',2,'update',NULL,'---\nid: 2\nemail: mbueno@exa.unrc.edu.ar\nencrypted_password: $2a$10$lYxwbS5Ik4Bdc13IVvaxA.QO71xpW/CncYQZPKpwAAd1ZzsmrhJTW\nreset_password_token: \nreset_password_sent_at: \nremember_created_at: \nsign_in_count: 17\ncurrent_sign_in_at: 2014-04-01 13:20:26.000000000 Z\nlast_sign_in_at: 2014-04-01 12:55:02.000000000 Z\ncurrent_sign_in_ip: 200.7.130.221\nlast_sign_in_ip: 200.7.130.221\ncreated_at: 2014-03-20 18:04:18.000000000 Z\nupdated_at: 2014-04-01 13:20:26.000000000 Z\nusername: mbueno\nrol_id: 2\ndependencia_id: \n','2014-04-01 17:57:36',NULL,NULL,NULL),(80,'Persona',33,'create','2',NULL,'2014-04-01 17:58:16','200.7.130.221','Mozilla/5.0 (X11; Ubuntu; Linux x86_64; rv:28.0) Gecko/20100101 Firefox/28.0',2),(81,'Entidad',89,'create','2',NULL,'2014-04-01 18:00:54','200.7.130.221','Mozilla/5.0 (X11; Ubuntu; Linux x86_64; rv:28.0) Gecko/20100101 Firefox/28.0',2),(82,'Entidad',90,'create','2',NULL,'2014-04-01 18:05:47','200.7.130.221','Mozilla/5.0 (X11; Ubuntu; Linux x86_64; rv:28.0) Gecko/20100101 Firefox/28.0',2),(83,'Persona',34,'create','2',NULL,'2014-04-01 18:06:12','200.7.130.221','Mozilla/5.0 (X11; Ubuntu; Linux x86_64; rv:28.0) Gecko/20100101 Firefox/28.0',2),(84,'Entidad',91,'create','2',NULL,'2014-04-01 18:06:16','200.7.130.221','Mozilla/5.0 (X11; Ubuntu; Linux x86_64; rv:28.0) Gecko/20100101 Firefox/28.0',2),(85,'Nota',49,'create','2',NULL,'2014-04-01 18:06:22','200.7.130.221','Mozilla/5.0 (X11; Ubuntu; Linux x86_64; rv:28.0) Gecko/20100101 Firefox/28.0',2),(86,'NotaTemporal',6,'update','2','---\nid: 6\ntema: Pedido\ndescripcion: Pedido de prueba\nfecha_nota: 2014-04-01\nfecha_carga: 2014-04-01\ncodigo: \'000172014\'\ntipo_nota_id: 2\nremitente_id: \ntexto_remitente: Francisco Bavera\ndestinatario_id: 85\ntexto_destinatario: \'\'\ncargado_por_id: 3\ndependencia_id: 7\nestado: 0\nnota_id: \ncreated_at: 2014-04-01 13:20:02.000000000 Z\nupdated_at: 2014-04-01 13:20:02.000000000 Z\n','2014-04-01 18:06:22','200.7.130.221','Mozilla/5.0 (X11; Ubuntu; Linux x86_64; rv:28.0) Gecko/20100101 Firefox/28.0',2),(87,'User',3,'update',NULL,'---\nid: 3\nemail: ivana@dc.exa.unrc.edu.ar\nencrypted_password: $2a$10$9EU5sljaPDq14RqnBfCA8ueH.ePfAzc5lV4AdXnAJ532Bc7qyazDq\nreset_password_token: \nreset_password_sent_at: \nremember_created_at: \nsign_in_count: 7\ncurrent_sign_in_at: 2014-04-01 13:13:48.000000000 Z\nlast_sign_in_at: 2014-04-01 12:24:58.000000000 Z\ncurrent_sign_in_ip: 200.7.130.221\nlast_sign_in_ip: 200.7.130.221\ncreated_at: 2014-03-20 18:11:36.000000000 Z\nupdated_at: 2014-04-01 13:13:48.000000000 Z\nusername: icardetti\nrol_id: 3\ndependencia_id: 7\n','2014-04-01 18:06:43','200.7.130.221','Mozilla/5.0 (X11; Ubuntu; Linux x86_64; rv:28.0) Gecko/20100101 Firefox/28.0',-2),(88,'User',2,'update',NULL,'---\nid: 2\nemail: mbueno@exa.unrc.edu.ar\nencrypted_password: $2a$10$lYxwbS5Ik4Bdc13IVvaxA.QO71xpW/CncYQZPKpwAAd1ZzsmrhJTW\nreset_password_token: \nreset_password_sent_at: \nremember_created_at: \nsign_in_count: 18\ncurrent_sign_in_at: 2014-04-01 17:57:36.000000000 Z\nlast_sign_in_at: 2014-04-01 13:20:26.000000000 Z\ncurrent_sign_in_ip: 200.7.130.221\nlast_sign_in_ip: 200.7.130.221\ncreated_at: 2014-03-20 18:04:18.000000000 Z\nupdated_at: 2014-04-01 17:57:36.000000000 Z\nusername: mbueno\nrol_id: 2\ndependencia_id: \n','2014-04-01 18:08:53','200.7.130.221','Mozilla/5.0 (X11; Ubuntu; Linux x86_64; rv:28.0) Gecko/20100101 Firefox/28.0',-2),(89,'User',2,'update',NULL,'---\nid: 2\nemail: mbueno@exa.unrc.edu.ar\nencrypted_password: $2a$10$lYxwbS5Ik4Bdc13IVvaxA.QO71xpW/CncYQZPKpwAAd1ZzsmrhJTW\nreset_password_token: \nreset_password_sent_at: \nremember_created_at: \nsign_in_count: 19\ncurrent_sign_in_at: 2014-04-01 18:08:53.000000000 Z\nlast_sign_in_at: 2014-04-01 17:57:36.000000000 Z\ncurrent_sign_in_ip: 200.7.130.221\nlast_sign_in_ip: 200.7.130.221\ncreated_at: 2014-03-20 18:04:18.000000000 Z\nupdated_at: 2014-04-01 18:08:53.000000000 Z\nusername: mbueno\nrol_id: 2\ndependencia_id: \n','2014-04-01 18:59:25',NULL,NULL,NULL),(90,'Nota',50,'create','2',NULL,'2014-04-01 19:03:55','200.7.131.223','Mozilla/5.0 (X11; Ubuntu; Linux x86_64; rv:28.0) Gecko/20100101 Firefox/28.0',2),(91,'Nota',51,'create','2',NULL,'2014-04-01 19:03:55','200.7.131.223','Mozilla/5.0 (X11; Ubuntu; Linux x86_64; rv:28.0) Gecko/20100101 Firefox/28.0',2),(92,'TipoNota',3,'create','2',NULL,'2014-04-01 19:18:00','200.7.131.223','Mozilla/5.0 (X11; Ubuntu; Linux x86_64; rv:28.0) Gecko/20100101 Firefox/28.0',2),(93,'Persona',35,'create','2',NULL,'2014-04-01 19:18:58','200.7.131.223','Mozilla/5.0 (X11; Ubuntu; Linux x86_64; rv:28.0) Gecko/20100101 Firefox/28.0',2),(94,'Cargo',17,'create','2',NULL,'2014-04-01 19:19:09','200.7.131.223','Mozilla/5.0 (X11; Ubuntu; Linux x86_64; rv:28.0) Gecko/20100101 Firefox/28.0',2),(95,'Entidad',92,'create','2',NULL,'2014-04-01 19:19:20','200.7.131.223','Mozilla/5.0 (X11; Ubuntu; Linux x86_64; rv:28.0) Gecko/20100101 Firefox/28.0',2),(96,'Nota',52,'create','2',NULL,'2014-04-01 19:19:50','200.7.131.223','Mozilla/5.0 (X11; Ubuntu; Linux x86_64; rv:28.0) Gecko/20100101 Firefox/28.0',2),(97,'User',3,'update',NULL,'---\nid: 3\nemail: ivana@dc.exa.unrc.edu.ar\nencrypted_password: $2a$10$9EU5sljaPDq14RqnBfCA8ueH.ePfAzc5lV4AdXnAJ532Bc7qyazDq\nreset_password_token: \nreset_password_sent_at: \nremember_created_at: \nsign_in_count: 8\ncurrent_sign_in_at: 2014-04-01 18:06:43.000000000 Z\nlast_sign_in_at: 2014-04-01 13:13:48.000000000 Z\ncurrent_sign_in_ip: 200.7.130.221\nlast_sign_in_ip: 200.7.130.221\ncreated_at: 2014-03-20 18:11:36.000000000 Z\nupdated_at: 2014-04-01 18:06:43.000000000 Z\nusername: icardetti\nrol_id: 3\ndependencia_id: 7\n','2014-04-01 19:23:28','200.7.131.223','Mozilla/5.0 (X11; Ubuntu; Linux x86_64; rv:28.0) Gecko/20100101 Firefox/28.0',-2),(98,'User',2,'update',NULL,'---\nid: 2\nemail: mbueno@exa.unrc.edu.ar\nencrypted_password: $2a$10$lYxwbS5Ik4Bdc13IVvaxA.QO71xpW/CncYQZPKpwAAd1ZzsmrhJTW\nreset_password_token: \nreset_password_sent_at: \nremember_created_at: \nsign_in_count: 20\ncurrent_sign_in_at: 2014-04-01 18:59:25.000000000 Z\nlast_sign_in_at: 2014-04-01 18:08:53.000000000 Z\ncurrent_sign_in_ip: 200.7.131.223\nlast_sign_in_ip: 200.7.130.221\ncreated_at: 2014-03-20 18:04:18.000000000 Z\nupdated_at: 2014-04-01 18:59:25.000000000 Z\nusername: mbueno\nrol_id: 2\ndependencia_id: \n','2014-04-01 19:24:31','200.7.131.223','Mozilla/5.0 (X11; Ubuntu; Linux x86_64; rv:28.0) Gecko/20100101 Firefox/28.0',-2),(99,'User',2,'update',NULL,'---\nid: 2\nemail: mbueno@exa.unrc.edu.ar\nencrypted_password: $2a$10$lYxwbS5Ik4Bdc13IVvaxA.QO71xpW/CncYQZPKpwAAd1ZzsmrhJTW\nreset_password_token: \nreset_password_sent_at: \nremember_created_at: \nsign_in_count: 21\ncurrent_sign_in_at: 2014-04-01 19:24:31.000000000 Z\nlast_sign_in_at: 2014-04-01 18:59:25.000000000 Z\ncurrent_sign_in_ip: 200.7.131.223\nlast_sign_in_ip: 200.7.131.223\ncreated_at: 2014-03-20 18:04:18.000000000 Z\nupdated_at: 2014-04-01 19:24:31.000000000 Z\nusername: mbueno\nrol_id: 2\ndependencia_id: \n','2014-04-03 17:40:16','127.0.0.1','Mozilla/5.0 (X11; Ubuntu; Linux x86_64; rv:28.0) Gecko/20100101 Firefox/28.0',-2),(100,'Entidad',93,'create','2',NULL,'2014-04-03 17:58:10','127.0.0.1','Mozilla/5.0 (X11; Ubuntu; Linux x86_64; rv:28.0) Gecko/20100101 Firefox/28.0',2),(101,'Nota',53,'create','2',NULL,'2014-04-03 18:04:09','127.0.0.1','Mozilla/5.0 (X11; Ubuntu; Linux x86_64; rv:28.0) Gecko/20100101 Firefox/28.0',2),(102,'NotaTemporal',4,'update','2','---\nid: 4\ntema: Nota de Prueba\ndescripcion: Otra prueba de ivana\nfecha_nota: 2014-03-31\nfecha_carga: 2014-03-31\ncodigo: \'000142014\'\ntipo_nota_id: 2\nremitente_id: 88\ntexto_remitente: \'\'\ndestinatario_id: 85\ntexto_destinatario: \'\'\ncargado_por_id: 3\ndependencia_id: 7\nestado: 0\nnota_id: \ncreated_at: 2014-03-31 19:31:49.000000000 Z\nupdated_at: 2014-03-31 19:31:49.000000000 Z\n','2014-04-03 18:04:09','127.0.0.1','Mozilla/5.0 (X11; Ubuntu; Linux x86_64; rv:28.0) Gecko/20100101 Firefox/28.0',2),(103,'Entidad',90,'destroy','2','---\nid: 90\npersona_id: \ndependencia_id: 7\ncargo_id: \nes_facultad: false\nuser_id: \ncreated_at: 2014-04-01 18:05:47.000000000 Z\nupdated_at: 2014-04-01 18:05:47.000000000 Z\nes_actual: false\n','2014-04-03 18:18:40','127.0.0.1','Mozilla/5.0 (X11; Ubuntu; Linux x86_64; rv:28.0) Gecko/20100101 Firefox/28.0',2),(104,'Cargo',18,'create','2',NULL,'2014-04-03 18:21:17','127.0.0.1','Mozilla/5.0 (X11; Ubuntu; Linux x86_64; rv:28.0) Gecko/20100101 Firefox/28.0',2),(105,'Entidad',94,'create','2',NULL,'2014-04-03 18:21:28','127.0.0.1','Mozilla/5.0 (X11; Ubuntu; Linux x86_64; rv:28.0) Gecko/20100101 Firefox/28.0',2),(106,'Entidad',94,'destroy','2','---\nid: 94\npersona_id: 33\ndependencia_id: 7\ncargo_id: 18\nes_facultad: false\nuser_id: \ncreated_at: 2014-04-03 18:21:28.000000000 Z\nupdated_at: 2014-04-03 18:21:28.000000000 Z\nes_actual: true\n','2014-04-03 18:22:03','127.0.0.1','Mozilla/5.0 (X11; Ubuntu; Linux x86_64; rv:28.0) Gecko/20100101 Firefox/28.0',2),(107,'Entidad',89,'update','2','---\nid: 89\npersona_id: 33\ndependencia_id: 7\ncargo_id: \nes_facultad: false\nuser_id: \ncreated_at: 2014-04-01 18:00:54.000000000 Z\nupdated_at: 2014-04-01 18:00:54.000000000 Z\nes_actual: false\n','2014-04-03 18:22:25','127.0.0.1','Mozilla/5.0 (X11; Ubuntu; Linux x86_64; rv:28.0) Gecko/20100101 Firefox/28.0',2),(108,'Persona',34,'update','2','---\nid: 34\nnombre: \'\'\napellido: Francisco Bavera\nemail: \ncreated_at: 2014-04-01 18:06:12.000000000 Z\nupdated_at: 2014-04-01 18:06:12.000000000 Z\n','2014-04-03 18:23:07','127.0.0.1','Mozilla/5.0 (X11; Ubuntu; Linux x86_64; rv:28.0) Gecko/20100101 Firefox/28.0',2),(109,'Entidad',95,'create','2',NULL,'2014-04-03 18:30:12','127.0.0.1','Mozilla/5.0 (X11; Ubuntu; Linux x86_64; rv:28.0) Gecko/20100101 Firefox/28.0',2),(110,'Entidad',95,'destroy','2','---\nid: 95\npersona_id: 34\ndependencia_id: 29\ncargo_id: 1\nes_facultad: false\nuser_id: \ncreated_at: 2014-04-03 18:30:12.000000000 Z\nupdated_at: 2014-04-03 18:30:12.000000000 Z\nes_actual: false\n','2014-04-03 18:40:59','127.0.0.1','Mozilla/5.0 (X11; Ubuntu; Linux x86_64; rv:28.0) Gecko/20100101 Firefox/28.0',2),(111,'Entidad',96,'create','2',NULL,'2014-04-03 18:41:28','127.0.0.1','Mozilla/5.0 (X11; Ubuntu; Linux x86_64; rv:28.0) Gecko/20100101 Firefox/28.0',2),(112,'Entidad',97,'create','2',NULL,'2014-04-03 18:46:07','127.0.0.1','Mozilla/5.0 (X11; Ubuntu; Linux x86_64; rv:28.0) Gecko/20100101 Firefox/28.0',2),(113,'Entidad',96,'destroy','2','---\nid: 96\npersona_id: 34\ndependencia_id: 29\ncargo_id: \nes_facultad: false\nuser_id: \ncreated_at: 2014-04-03 18:41:28.000000000 Z\nupdated_at: 2014-04-03 18:41:28.000000000 Z\nes_actual: false\n','2014-04-03 18:51:52','127.0.0.1','Mozilla/5.0 (X11; Ubuntu; Linux x86_64; rv:28.0) Gecko/20100101 Firefox/28.0',2),(114,'Entidad',97,'destroy','2','---\nid: 97\npersona_id: 34\ndependencia_id: 1\ncargo_id: \nes_facultad: false\nuser_id: \ncreated_at: 2014-04-03 18:46:07.000000000 Z\nupdated_at: 2014-04-03 18:46:07.000000000 Z\nes_actual: false\n','2014-04-03 18:51:58','127.0.0.1','Mozilla/5.0 (X11; Ubuntu; Linux x86_64; rv:28.0) Gecko/20100101 Firefox/28.0',2),(115,'Entidad',98,'create','2',NULL,'2014-04-03 19:01:20','127.0.0.1','Mozilla/5.0 (X11; Ubuntu; Linux x86_64; rv:28.0) Gecko/20100101 Firefox/28.0',2),(116,'Entidad',98,'destroy','2','---\nid: 98\npersona_id: 34\ndependencia_id: 29\ncargo_id: \nes_facultad: false\nuser_id: \ncreated_at: 2014-04-03 19:01:20.000000000 Z\nupdated_at: 2014-04-03 19:01:20.000000000 Z\nes_actual: false\n','2014-04-03 19:04:34','127.0.0.1','Mozilla/5.0 (X11; Ubuntu; Linux x86_64; rv:28.0) Gecko/20100101 Firefox/28.0',2),(117,'Entidad',99,'create','2',NULL,'2014-04-03 19:04:48','127.0.0.1','Mozilla/5.0 (X11; Ubuntu; Linux x86_64; rv:28.0) Gecko/20100101 Firefox/28.0',2),(118,'Entidad',99,'destroy','2','---\nid: 99\npersona_id: 34\ndependencia_id: 29\ncargo_id: \nes_facultad: false\nuser_id: \ncreated_at: 2014-04-03 19:04:48.000000000 Z\nupdated_at: 2014-04-03 19:04:48.000000000 Z\nes_actual: false\n','2014-04-03 19:05:53','127.0.0.1','Mozilla/5.0 (X11; Ubuntu; Linux x86_64; rv:28.0) Gecko/20100101 Firefox/28.0',2),(119,'Entidad',100,'create','2',NULL,'2014-04-03 19:06:02','127.0.0.1','Mozilla/5.0 (X11; Ubuntu; Linux x86_64; rv:28.0) Gecko/20100101 Firefox/28.0',2),(120,'Entidad',100,'destroy','2','---\nid: 100\npersona_id: 34\ndependencia_id: 29\ncargo_id: \nes_facultad: false\nuser_id: \ncreated_at: 2014-04-03 19:06:02.000000000 Z\nupdated_at: 2014-04-03 19:06:02.000000000 Z\nes_actual: false\n','2014-04-03 19:13:00','127.0.0.1','Mozilla/5.0 (X11; Ubuntu; Linux x86_64; rv:28.0) Gecko/20100101 Firefox/28.0',2),(121,'Entidad',101,'create','2',NULL,'2014-04-03 19:26:03','127.0.0.1','Mozilla/5.0 (X11; Ubuntu; Linux x86_64; rv:28.0) Gecko/20100101 Firefox/28.0',2),(122,'Entidad',101,'destroy','2','---\nid: 101\npersona_id: 34\ndependencia_id: 29\ncargo_id: \nes_facultad: false\nuser_id: \ncreated_at: 2014-04-03 19:26:03.000000000 Z\nupdated_at: 2014-04-03 19:26:03.000000000 Z\nes_actual: false\n','2014-04-03 19:30:20','127.0.0.1','Mozilla/5.0 (X11; Ubuntu; Linux x86_64; rv:28.0) Gecko/20100101 Firefox/28.0',2),(123,'Entidad',102,'create','2',NULL,'2014-04-03 20:12:57','127.0.0.1','Mozilla/5.0 (X11; Ubuntu; Linux x86_64; rv:28.0) Gecko/20100101 Firefox/28.0',2),(124,'Entidad',102,'destroy','2','---\nid: 102\npersona_id: 34\ndependencia_id: 29\ncargo_id: \nes_facultad: false\nuser_id: \ncreated_at: 2014-04-03 20:12:57.000000000 Z\nupdated_at: 2014-04-03 20:12:57.000000000 Z\nes_actual: false\n','2014-04-03 20:13:10','127.0.0.1','Mozilla/5.0 (X11; Ubuntu; Linux x86_64; rv:28.0) Gecko/20100101 Firefox/28.0',2),(125,'User',2,'update',NULL,'---\nid: 2\nemail: mbueno@exa.unrc.edu.ar\nencrypted_password: $2a$10$lYxwbS5Ik4Bdc13IVvaxA.QO71xpW/CncYQZPKpwAAd1ZzsmrhJTW\nreset_password_token: \nreset_password_sent_at: \nremember_created_at: \nsign_in_count: 22\ncurrent_sign_in_at: 2014-04-03 17:40:16.000000000 Z\nlast_sign_in_at: 2014-04-01 19:24:31.000000000 Z\ncurrent_sign_in_ip: 127.0.0.1\nlast_sign_in_ip: 200.7.131.223\ncreated_at: 2014-03-20 18:04:18.000000000 Z\nupdated_at: 2014-04-03 17:40:16.000000000 Z\nusername: mbueno\nrol_id: 2\ndependencia_id: \n','2014-04-04 18:05:58','127.0.0.1','Mozilla/5.0 (X11; Ubuntu; Linux x86_64; rv:28.0) Gecko/20100101 Firefox/28.0',-2),(126,'User',2,'update',NULL,'---\nid: 2\nemail: mbueno@exa.unrc.edu.ar\nencrypted_password: $2a$10$lYxwbS5Ik4Bdc13IVvaxA.QO71xpW/CncYQZPKpwAAd1ZzsmrhJTW\nreset_password_token: \nreset_password_sent_at: \nremember_created_at: \nsign_in_count: 23\ncurrent_sign_in_at: 2014-04-04 18:05:58.000000000 Z\nlast_sign_in_at: 2014-04-03 17:40:16.000000000 Z\ncurrent_sign_in_ip: 127.0.0.1\nlast_sign_in_ip: 127.0.0.1\ncreated_at: 2014-03-20 18:04:18.000000000 Z\nupdated_at: 2014-04-04 18:05:58.000000000 Z\nusername: mbueno\nrol_id: 2\ndependencia_id: \n','2014-04-04 18:47:55','127.0.0.1','Mozilla/5.0 (X11; Ubuntu; Linux x86_64; rv:28.0) Gecko/20100101 Firefox/28.0',-2),(127,'User',2,'update',NULL,'---\nid: 2\nemail: mbueno@exa.unrc.edu.ar\nencrypted_password: $2a$10$lYxwbS5Ik4Bdc13IVvaxA.QO71xpW/CncYQZPKpwAAd1ZzsmrhJTW\nreset_password_token: \nreset_password_sent_at: \nremember_created_at: \nsign_in_count: 24\ncurrent_sign_in_at: 2014-04-04 18:47:55.000000000 Z\nlast_sign_in_at: 2014-04-04 18:05:58.000000000 Z\ncurrent_sign_in_ip: 127.0.0.1\nlast_sign_in_ip: 127.0.0.1\ncreated_at: 2014-03-20 18:04:18.000000000 Z\nupdated_at: 2014-04-04 18:47:55.000000000 Z\nusername: mbueno\nrol_id: 2\ndependencia_id: \n','2014-04-07 19:01:22','127.0.0.1','Mozilla/5.0 (X11; Ubuntu; Linux x86_64; rv:28.0) Gecko/20100101 Firefox/28.0',-2),(128,'User',2,'update',NULL,'---\nid: 2\nemail: mbueno@exa.unrc.edu.ar\nencrypted_password: $2a$10$lYxwbS5Ik4Bdc13IVvaxA.QO71xpW/CncYQZPKpwAAd1ZzsmrhJTW\nreset_password_token: \nreset_password_sent_at: \nremember_created_at: \nsign_in_count: 25\ncurrent_sign_in_at: 2014-04-07 19:01:22.000000000 Z\nlast_sign_in_at: 2014-04-04 18:47:55.000000000 Z\ncurrent_sign_in_ip: 127.0.0.1\nlast_sign_in_ip: 127.0.0.1\ncreated_at: 2014-03-20 18:04:18.000000000 Z\nupdated_at: 2014-04-07 19:01:22.000000000 Z\nusername: mbueno\nrol_id: 2\ndependencia_id: \n','2014-04-08 14:49:36','200.7.130.221','Mozilla/5.0 (X11; Ubuntu; Linux x86_64; rv:28.0) Gecko/20100101 Firefox/28.0',-2),(129,'User',2,'update',NULL,'---\nid: 2\nemail: mbueno@exa.unrc.edu.ar\nencrypted_password: $2a$10$lYxwbS5Ik4Bdc13IVvaxA.QO71xpW/CncYQZPKpwAAd1ZzsmrhJTW\nreset_password_token: \nreset_password_sent_at: \nremember_created_at: \nsign_in_count: 26\ncurrent_sign_in_at: 2014-04-08 14:49:35.000000000 Z\nlast_sign_in_at: 2014-04-07 19:01:22.000000000 Z\ncurrent_sign_in_ip: 200.7.130.221\nlast_sign_in_ip: 127.0.0.1\ncreated_at: 2014-03-20 18:04:18.000000000 Z\nupdated_at: 2014-04-08 14:49:35.000000000 Z\nusername: mbueno\nrol_id: 2\ndependencia_id: \n','2014-04-08 19:22:48',NULL,NULL,NULL),(130,'User',2,'update',NULL,'---\nid: 2\nemail: mbueno@exa.unrc.edu.ar\nencrypted_password: $2a$10$lYxwbS5Ik4Bdc13IVvaxA.QO71xpW/CncYQZPKpwAAd1ZzsmrhJTW\nreset_password_token: \nreset_password_sent_at: \nremember_created_at: \nsign_in_count: 27\ncurrent_sign_in_at: 2014-04-08 19:22:48.000000000 Z\nlast_sign_in_at: 2014-04-08 14:49:35.000000000 Z\ncurrent_sign_in_ip: 127.0.0.1\nlast_sign_in_ip: 200.7.130.221\ncreated_at: 2014-03-20 18:04:18.000000000 Z\nupdated_at: 2014-04-08 19:22:48.000000000 Z\nusername: mbueno\nrol_id: 2\ndependencia_id: \n','2014-04-09 15:28:26',NULL,NULL,NULL),(131,'User',2,'update',NULL,'---\nid: 2\nemail: mbueno@exa.unrc.edu.ar\nencrypted_password: $2a$10$lYxwbS5Ik4Bdc13IVvaxA.QO71xpW/CncYQZPKpwAAd1ZzsmrhJTW\nreset_password_token: \nreset_password_sent_at: \nremember_created_at: \nsign_in_count: 28\ncurrent_sign_in_at: 2014-04-09 15:28:26.000000000 Z\nlast_sign_in_at: 2014-04-08 19:22:48.000000000 Z\ncurrent_sign_in_ip: 200.7.130.221\nlast_sign_in_ip: 127.0.0.1\ncreated_at: 2014-03-20 18:04:18.000000000 Z\nupdated_at: 2014-04-09 15:28:26.000000000 Z\nusername: mbueno\nrol_id: 2\ndependencia_id: \n','2014-04-09 19:21:39','127.0.0.1','Mozilla/5.0 (X11; Ubuntu; Linux x86_64; rv:28.0) Gecko/20100101 Firefox/28.0',-2),(132,'User',2,'update',NULL,'---\nid: 2\nemail: mbueno@exa.unrc.edu.ar\nencrypted_password: $2a$10$lYxwbS5Ik4Bdc13IVvaxA.QO71xpW/CncYQZPKpwAAd1ZzsmrhJTW\nreset_password_token: \nreset_password_sent_at: \nremember_created_at: \nsign_in_count: 29\ncurrent_sign_in_at: 2014-04-09 19:21:39.000000000 Z\nlast_sign_in_at: 2014-04-09 15:28:26.000000000 Z\ncurrent_sign_in_ip: 127.0.0.1\nlast_sign_in_ip: 200.7.130.221\ncreated_at: 2014-03-20 18:04:18.000000000 Z\nupdated_at: 2014-04-09 19:21:39.000000000 Z\nusername: mbueno\nrol_id: 2\ndependencia_id: \n','2014-04-10 19:34:12',NULL,NULL,NULL),(133,'User',2,'update',NULL,'---\nid: 2\nemail: mbueno@exa.unrc.edu.ar\nencrypted_password: $2a$10$lYxwbS5Ik4Bdc13IVvaxA.QO71xpW/CncYQZPKpwAAd1ZzsmrhJTW\nreset_password_token: \nreset_password_sent_at: \nremember_created_at: \nsign_in_count: 30\ncurrent_sign_in_at: 2014-04-10 19:34:12.000000000 Z\nlast_sign_in_at: 2014-04-09 19:21:39.000000000 Z\ncurrent_sign_in_ip: 127.0.0.1\nlast_sign_in_ip: 127.0.0.1\ncreated_at: 2014-03-20 18:04:18.000000000 Z\nupdated_at: 2014-04-10 19:34:12.000000000 Z\nusername: mbueno\nrol_id: 2\ndependencia_id: \n','2014-04-11 15:46:40','200.7.130.221','Mozilla/5.0 (X11; Ubuntu; Linux x86_64; rv:28.0) Gecko/20100101 Firefox/28.0',-2),(134,'User',2,'update',NULL,'---\nid: 2\nemail: mbueno@exa.unrc.edu.ar\nencrypted_password: $2a$10$lYxwbS5Ik4Bdc13IVvaxA.QO71xpW/CncYQZPKpwAAd1ZzsmrhJTW\nreset_password_token: \nreset_password_sent_at: \nremember_created_at: \nsign_in_count: 31\ncurrent_sign_in_at: 2014-04-11 15:46:40.000000000 Z\nlast_sign_in_at: 2014-04-10 19:34:12.000000000 Z\ncurrent_sign_in_ip: 200.7.130.221\nlast_sign_in_ip: 127.0.0.1\ncreated_at: 2014-03-20 18:04:18.000000000 Z\nupdated_at: 2014-04-11 15:46:40.000000000 Z\nusername: mbueno\nrol_id: 2\ndependencia_id: \n','2014-04-14 17:42:26','200.7.130.221','Mozilla/5.0 (X11; Ubuntu; Linux x86_64; rv:28.0) Gecko/20100101 Firefox/28.0',-2),(135,'User',2,'update',NULL,'---\nid: 2\nemail: mbueno@exa.unrc.edu.ar\nencrypted_password: $2a$10$lYxwbS5Ik4Bdc13IVvaxA.QO71xpW/CncYQZPKpwAAd1ZzsmrhJTW\nreset_password_token: \nreset_password_sent_at: \nremember_created_at: \nsign_in_count: 32\ncurrent_sign_in_at: 2014-04-14 17:42:26.000000000 Z\nlast_sign_in_at: 2014-04-11 15:46:40.000000000 Z\ncurrent_sign_in_ip: 200.7.130.221\nlast_sign_in_ip: 200.7.130.221\ncreated_at: 2014-03-20 18:04:18.000000000 Z\nupdated_at: 2014-04-14 17:42:26.000000000 Z\nusername: mbueno\nrol_id: 2\ndependencia_id: \n','2014-04-14 18:21:07','127.0.0.1','Mozilla/5.0 (X11; Ubuntu; Linux x86_64; rv:28.0) Gecko/20100101 Firefox/28.0',-2),(136,'Dependencia',30,'create','2',NULL,'2014-04-14 18:21:54','127.0.0.1','Mozilla/5.0 (X11; Ubuntu; Linux x86_64; rv:28.0) Gecko/20100101 Firefox/28.0',2),(137,'Dependencia',30,'destroy','2','---\nid: 30\nnombre: Borrar\ndescripcion: Borrar la dependencia\ncodigo: 64\ncreated_at: 2014-04-14 18:21:54.000000000 Z\nupdated_at: 2014-04-14 18:21:54.000000000 Z\norganismo_id: \nalias: Borrar\n','2014-04-14 18:22:20','127.0.0.1','Mozilla/5.0 (X11; Ubuntu; Linux x86_64; rv:28.0) Gecko/20100101 Firefox/28.0',2),(138,'Cargo',17,'update','2','---\nid: 17\nnombre: Directora General\ndescripcion: \ncreated_at: 2014-04-01 19:19:09.000000000 Z\nupdated_at: 2014-04-01 19:19:09.000000000 Z\n','2014-04-14 18:40:58','127.0.0.1','Mozilla/5.0 (X11; Ubuntu; Linux x86_64; rv:28.0) Gecko/20100101 Firefox/28.0',2),(139,'User',2,'update',NULL,'---\nid: 2\nemail: mbueno@exa.unrc.edu.ar\nencrypted_password: $2a$10$lYxwbS5Ik4Bdc13IVvaxA.QO71xpW/CncYQZPKpwAAd1ZzsmrhJTW\nreset_password_token: \nreset_password_sent_at: \nremember_created_at: \nsign_in_count: 33\ncurrent_sign_in_at: 2014-04-14 18:21:07.000000000 Z\nlast_sign_in_at: 2014-04-14 17:42:26.000000000 Z\ncurrent_sign_in_ip: 127.0.0.1\nlast_sign_in_ip: 200.7.130.221\ncreated_at: 2014-03-20 18:04:18.000000000 Z\nupdated_at: 2014-04-14 18:21:07.000000000 Z\nusername: mbueno\nrol_id: 2\ndependencia_id: \n','2014-04-15 19:25:15','127.0.0.1','Mozilla/5.0 (X11; Ubuntu; Linux x86_64; rv:28.0) Gecko/20100101 Firefox/28.0',-2),(140,'User',2,'update',NULL,'---\nid: 2\nemail: mbueno@exa.unrc.edu.ar\nencrypted_password: $2a$10$lYxwbS5Ik4Bdc13IVvaxA.QO71xpW/CncYQZPKpwAAd1ZzsmrhJTW\nreset_password_token: \nreset_password_sent_at: \nremember_created_at: \nsign_in_count: 34\ncurrent_sign_in_at: 2014-04-15 19:25:15.000000000 Z\nlast_sign_in_at: 2014-04-14 18:21:07.000000000 Z\ncurrent_sign_in_ip: 127.0.0.1\nlast_sign_in_ip: 127.0.0.1\ncreated_at: 2014-03-20 18:04:18.000000000 Z\nupdated_at: 2014-04-15 19:25:15.000000000 Z\nusername: mbueno\nrol_id: 2\ndependencia_id: \n','2014-04-15 19:58:31','127.0.0.1','Mozilla/5.0 (X11; Ubuntu; Linux x86_64; rv:28.0) Gecko/20100101 Firefox/28.0',-2),(141,'User',2,'update',NULL,'---\nid: 2\nemail: mbueno@exa.unrc.edu.ar\nencrypted_password: $2a$10$lYxwbS5Ik4Bdc13IVvaxA.QO71xpW/CncYQZPKpwAAd1ZzsmrhJTW\nreset_password_token: \nreset_password_sent_at: \nremember_created_at: \nsign_in_count: 35\ncurrent_sign_in_at: 2014-04-15 19:58:31.000000000 Z\nlast_sign_in_at: 2014-04-15 19:25:15.000000000 Z\ncurrent_sign_in_ip: 127.0.0.1\nlast_sign_in_ip: 127.0.0.1\ncreated_at: 2014-03-20 18:04:18.000000000 Z\nupdated_at: 2014-04-15 19:58:31.000000000 Z\nusername: mbueno\nrol_id: 2\ndependencia_id: \n','2014-04-16 13:17:33',NULL,NULL,NULL),(142,'User',2,'update',NULL,'---\nid: 2\nemail: mbueno@exa.unrc.edu.ar\nencrypted_password: $2a$10$lYxwbS5Ik4Bdc13IVvaxA.QO71xpW/CncYQZPKpwAAd1ZzsmrhJTW\nreset_password_token: \nreset_password_sent_at: \nremember_created_at: \nsign_in_count: 36\ncurrent_sign_in_at: 2014-04-16 13:17:33.000000000 Z\nlast_sign_in_at: 2014-04-15 19:58:31.000000000 Z\ncurrent_sign_in_ip: 200.7.130.221\nlast_sign_in_ip: 127.0.0.1\ncreated_at: 2014-03-20 18:04:18.000000000 Z\nupdated_at: 2014-04-16 13:17:33.000000000 Z\nusername: mbueno\nrol_id: 2\ndependencia_id: \n','2014-04-16 19:00:30','127.0.0.1','Mozilla/5.0 (X11; Ubuntu; Linux x86_64; rv:28.0) Gecko/20100101 Firefox/28.0',-2),(143,'User',2,'update',NULL,'---\nid: 2\nemail: mbueno@exa.unrc.edu.ar\nencrypted_password: $2a$10$lYxwbS5Ik4Bdc13IVvaxA.QO71xpW/CncYQZPKpwAAd1ZzsmrhJTW\nreset_password_token: \nreset_password_sent_at: \nremember_created_at: \nsign_in_count: 37\ncurrent_sign_in_at: 2014-04-16 19:00:30.000000000 Z\nlast_sign_in_at: 2014-04-16 13:17:33.000000000 Z\ncurrent_sign_in_ip: 127.0.0.1\nlast_sign_in_ip: 200.7.130.221\ncreated_at: 2014-03-20 18:04:18.000000000 Z\nupdated_at: 2014-04-16 19:00:30.000000000 Z\nusername: mbueno\nrol_id: 2\ndependencia_id: \n','2014-04-16 19:39:15','200.7.130.91','Mozilla/5.0 (Windows NT 5.1; rv:28.0) Gecko/20100101 Firefox/28.0',-2),(144,'User',3,'update',NULL,'---\nid: 3\nemail: ivana@dc.exa.unrc.edu.ar\nencrypted_password: $2a$10$9EU5sljaPDq14RqnBfCA8ueH.ePfAzc5lV4AdXnAJ532Bc7qyazDq\nreset_password_token: \nreset_password_sent_at: \nremember_created_at: \nsign_in_count: 9\ncurrent_sign_in_at: 2014-04-01 19:23:28.000000000 Z\nlast_sign_in_at: 2014-04-01 18:06:43.000000000 Z\ncurrent_sign_in_ip: 200.7.131.223\nlast_sign_in_ip: 200.7.130.221\ncreated_at: 2014-03-20 18:11:36.000000000 Z\nupdated_at: 2014-04-01 19:23:28.000000000 Z\nusername: icardetti\nrol_id: 3\ndependencia_id: 7\n','2014-04-16 19:40:28','200.7.130.91','Mozilla/4.0 (compatible; MSIE 8.0; Windows NT 5.1; Trident/4.0; BTRS98653; InfoPath.2; .NET CLR 2.0.50727; .NET CLR 3.0.4506.2152; .NET CLR 3.5.30729; .NET4.0C; .NET4.0E)',-2),(145,'User',2,'update',NULL,'---\nid: 2\nemail: mbueno@exa.unrc.edu.ar\nencrypted_password: $2a$10$lYxwbS5Ik4Bdc13IVvaxA.QO71xpW/CncYQZPKpwAAd1ZzsmrhJTW\nreset_password_token: \nreset_password_sent_at: \nremember_created_at: \nsign_in_count: 38\ncurrent_sign_in_at: 2014-04-16 19:39:15.000000000 Z\nlast_sign_in_at: 2014-04-16 19:00:30.000000000 Z\ncurrent_sign_in_ip: 200.7.130.91\nlast_sign_in_ip: 127.0.0.1\ncreated_at: 2014-03-20 18:04:18.000000000 Z\nupdated_at: 2014-04-16 19:39:15.000000000 Z\nusername: mbueno\nrol_id: 2\ndependencia_id: \n','2014-04-16 19:58:09','127.0.0.1','Mozilla/5.0 (X11; Ubuntu; Linux x86_64; rv:28.0) Gecko/20100101 Firefox/28.0',-2),(146,'User',2,'update',NULL,'---\nid: 2\nemail: mbueno@exa.unrc.edu.ar\nencrypted_password: $2a$10$lYxwbS5Ik4Bdc13IVvaxA.QO71xpW/CncYQZPKpwAAd1ZzsmrhJTW\nreset_password_token: \nreset_password_sent_at: \nremember_created_at: \nsign_in_count: 39\ncurrent_sign_in_at: 2014-04-16 19:58:09.000000000 Z\nlast_sign_in_at: 2014-04-16 19:39:15.000000000 Z\ncurrent_sign_in_ip: 127.0.0.1\nlast_sign_in_ip: 200.7.130.91\ncreated_at: 2014-03-20 18:04:18.000000000 Z\nupdated_at: 2014-04-16 19:58:09.000000000 Z\nusername: mbueno\nrol_id: 2\ndependencia_id: \n','2014-04-16 20:26:37','127.0.0.1','Mozilla/5.0 (X11; Ubuntu; Linux x86_64; rv:28.0) Gecko/20100101 Firefox/28.0',-2),(147,'User',2,'update',NULL,'---\nid: 2\nemail: mbueno@exa.unrc.edu.ar\nencrypted_password: $2a$10$lYxwbS5Ik4Bdc13IVvaxA.QO71xpW/CncYQZPKpwAAd1ZzsmrhJTW\nreset_password_token: \nreset_password_sent_at: \nremember_created_at: \nsign_in_count: 40\ncurrent_sign_in_at: 2014-04-16 20:26:37.000000000 Z\nlast_sign_in_at: 2014-04-16 19:58:09.000000000 Z\ncurrent_sign_in_ip: 127.0.0.1\nlast_sign_in_ip: 127.0.0.1\ncreated_at: 2014-03-20 18:04:18.000000000 Z\nupdated_at: 2014-04-16 20:26:37.000000000 Z\nusername: mbueno\nrol_id: 2\ndependencia_id: \n','2014-04-21 18:59:53','127.0.0.1','Mozilla/5.0 (X11; Ubuntu; Linux x86_64; rv:28.0) Gecko/20100101 Firefox/28.0',-2),(148,'User',2,'update',NULL,'---\nid: 2\nemail: mbueno@exa.unrc.edu.ar\nencrypted_password: $2a$10$lYxwbS5Ik4Bdc13IVvaxA.QO71xpW/CncYQZPKpwAAd1ZzsmrhJTW\nreset_password_token: \nreset_password_sent_at: \nremember_created_at: \nsign_in_count: 41\ncurrent_sign_in_at: 2014-04-21 18:59:53.000000000 Z\nlast_sign_in_at: 2014-04-16 20:26:37.000000000 Z\ncurrent_sign_in_ip: 127.0.0.1\nlast_sign_in_ip: 127.0.0.1\ncreated_at: 2014-03-20 18:04:18.000000000 Z\nupdated_at: 2014-04-21 18:59:53.000000000 Z\nusername: mbueno\nrol_id: 2\ndependencia_id: \n','2014-04-21 19:56:15','127.0.0.1','Mozilla/5.0 (X11; Ubuntu; Linux x86_64; rv:28.0) Gecko/20100101 Firefox/28.0',-2),(149,'User',2,'update',NULL,'---\nid: 2\nemail: mbueno@exa.unrc.edu.ar\nencrypted_password: $2a$10$lYxwbS5Ik4Bdc13IVvaxA.QO71xpW/CncYQZPKpwAAd1ZzsmrhJTW\nreset_password_token: \nreset_password_sent_at: \nremember_created_at: \nsign_in_count: 42\ncurrent_sign_in_at: 2014-04-21 19:56:15.000000000 Z\nlast_sign_in_at: 2014-04-21 18:59:53.000000000 Z\ncurrent_sign_in_ip: 127.0.0.1\nlast_sign_in_ip: 127.0.0.1\ncreated_at: 2014-03-20 18:04:18.000000000 Z\nupdated_at: 2014-04-21 19:56:15.000000000 Z\nusername: mbueno\nrol_id: 2\ndependencia_id: \n','2014-04-22 19:06:37','127.0.0.1','Mozilla/5.0 (X11; Ubuntu; Linux x86_64; rv:28.0) Gecko/20100101 Firefox/28.0',-2),(150,'User',2,'update',NULL,'---\nid: 2\nemail: mbueno@exa.unrc.edu.ar\nencrypted_password: $2a$10$lYxwbS5Ik4Bdc13IVvaxA.QO71xpW/CncYQZPKpwAAd1ZzsmrhJTW\nreset_password_token: \nreset_password_sent_at: \nremember_created_at: \nsign_in_count: 43\ncurrent_sign_in_at: 2014-04-22 19:06:37.000000000 Z\nlast_sign_in_at: 2014-04-21 19:56:15.000000000 Z\ncurrent_sign_in_ip: 127.0.0.1\nlast_sign_in_ip: 127.0.0.1\ncreated_at: 2014-03-20 18:04:18.000000000 Z\nupdated_at: 2014-04-22 19:06:37.000000000 Z\nusername: mbueno\nrol_id: 2\ndependencia_id: \n','2014-04-22 19:42:49','127.0.0.1','Mozilla/5.0 (X11; Ubuntu; Linux x86_64; rv:28.0) Gecko/20100101 Firefox/28.0',-2),(151,'User',2,'update',NULL,'---\nid: 2\nemail: mbueno@exa.unrc.edu.ar\nencrypted_password: $2a$10$lYxwbS5Ik4Bdc13IVvaxA.QO71xpW/CncYQZPKpwAAd1ZzsmrhJTW\nreset_password_token: \nreset_password_sent_at: \nremember_created_at: \nsign_in_count: 44\ncurrent_sign_in_at: 2014-04-22 19:42:49.000000000 Z\nlast_sign_in_at: 2014-04-22 19:06:37.000000000 Z\ncurrent_sign_in_ip: 127.0.0.1\nlast_sign_in_ip: 127.0.0.1\ncreated_at: 2014-03-20 18:04:18.000000000 Z\nupdated_at: 2014-04-22 19:42:49.000000000 Z\nusername: mbueno\nrol_id: 2\ndependencia_id: \n','2014-04-24 18:30:43','127.0.0.1','Mozilla/5.0 (X11; Ubuntu; Linux x86_64; rv:28.0) Gecko/20100101 Firefox/28.0',-2),(152,'User',2,'update',NULL,'---\nid: 2\nemail: mbueno@exa.unrc.edu.ar\nencrypted_password: $2a$10$lYxwbS5Ik4Bdc13IVvaxA.QO71xpW/CncYQZPKpwAAd1ZzsmrhJTW\nreset_password_token: \nreset_password_sent_at: \nremember_created_at: \nsign_in_count: 45\ncurrent_sign_in_at: 2014-04-24 18:30:43.000000000 Z\nlast_sign_in_at: 2014-04-22 19:42:49.000000000 Z\ncurrent_sign_in_ip: 127.0.0.1\nlast_sign_in_ip: 127.0.0.1\ncreated_at: 2014-03-20 18:04:18.000000000 Z\nupdated_at: 2014-04-24 18:30:43.000000000 Z\nusername: mbueno\nrol_id: 2\ndependencia_id: \n','2014-04-25 18:46:53','127.0.0.1','Mozilla/5.0 (X11; Ubuntu; Linux x86_64; rv:28.0) Gecko/20100101 Firefox/28.0',-2),(153,'User',2,'update',NULL,'---\nid: 2\nemail: mbueno@exa.unrc.edu.ar\nencrypted_password: $2a$10$lYxwbS5Ik4Bdc13IVvaxA.QO71xpW/CncYQZPKpwAAd1ZzsmrhJTW\nreset_password_token: \nreset_password_sent_at: \nremember_created_at: \nsign_in_count: 46\ncurrent_sign_in_at: 2014-04-25 18:46:53.000000000 Z\nlast_sign_in_at: 2014-04-24 18:30:43.000000000 Z\ncurrent_sign_in_ip: 127.0.0.1\nlast_sign_in_ip: 127.0.0.1\ncreated_at: 2014-03-20 18:04:18.000000000 Z\nupdated_at: 2014-04-25 18:46:53.000000000 Z\nusername: mbueno\nrol_id: 2\ndependencia_id: \n','2014-04-25 19:06:46','127.0.0.1','Mozilla/5.0 (X11; Ubuntu; Linux x86_64; rv:28.0) Gecko/20100101 Firefox/28.0',-2),(154,'User',2,'update',NULL,'---\nid: 2\nemail: mbueno@exa.unrc.edu.ar\nencrypted_password: $2a$10$lYxwbS5Ik4Bdc13IVvaxA.QO71xpW/CncYQZPKpwAAd1ZzsmrhJTW\nreset_password_token: \nreset_password_sent_at: \nremember_created_at: \nsign_in_count: 47\ncurrent_sign_in_at: 2014-04-25 19:06:46.000000000 Z\nlast_sign_in_at: 2014-04-25 18:46:53.000000000 Z\ncurrent_sign_in_ip: 127.0.0.1\nlast_sign_in_ip: 127.0.0.1\ncreated_at: 2014-03-20 18:04:18.000000000 Z\nupdated_at: 2014-04-25 19:06:46.000000000 Z\nusername: mbueno\nrol_id: 2\ndependencia_id: \n','2014-04-25 19:22:00','127.0.0.1','Mozilla/5.0 (X11; Ubuntu; Linux x86_64; rv:28.0) Gecko/20100101 Firefox/28.0',-2),(155,'User',2,'update',NULL,'---\nid: 2\nemail: mbueno@exa.unrc.edu.ar\nencrypted_password: $2a$10$lYxwbS5Ik4Bdc13IVvaxA.QO71xpW/CncYQZPKpwAAd1ZzsmrhJTW\nreset_password_token: \nreset_password_sent_at: \nremember_created_at: \nsign_in_count: 48\ncurrent_sign_in_at: 2014-04-25 19:22:00.000000000 Z\nlast_sign_in_at: 2014-04-25 19:06:46.000000000 Z\ncurrent_sign_in_ip: 127.0.0.1\nlast_sign_in_ip: 127.0.0.1\ncreated_at: 2014-03-20 18:04:18.000000000 Z\nupdated_at: 2014-04-25 19:22:00.000000000 Z\nusername: mbueno\nrol_id: 2\ndependencia_id: \n','2014-04-25 20:05:03','127.0.0.1','Mozilla/5.0 (X11; Ubuntu; Linux x86_64; rv:28.0) Gecko/20100101 Firefox/28.0',-2),(156,'User',2,'update',NULL,'---\nid: 2\nemail: mbueno@exa.unrc.edu.ar\nencrypted_password: $2a$10$lYxwbS5Ik4Bdc13IVvaxA.QO71xpW/CncYQZPKpwAAd1ZzsmrhJTW\nreset_password_token: \nreset_password_sent_at: \nremember_created_at: \nsign_in_count: 49\ncurrent_sign_in_at: 2014-04-25 20:05:03.000000000 Z\nlast_sign_in_at: 2014-04-25 19:22:00.000000000 Z\ncurrent_sign_in_ip: 127.0.0.1\nlast_sign_in_ip: 127.0.0.1\ncreated_at: 2014-03-20 18:04:18.000000000 Z\nupdated_at: 2014-04-25 20:05:03.000000000 Z\nusername: mbueno\nrol_id: 2\ndependencia_id: \n','2014-04-25 20:25:18','127.0.0.1','Mozilla/5.0 (X11; Ubuntu; Linux x86_64; rv:28.0) Gecko/20100101 Firefox/28.0',-2),(157,'User',2,'update',NULL,'---\nid: 2\nemail: mbueno@exa.unrc.edu.ar\nencrypted_password: $2a$10$lYxwbS5Ik4Bdc13IVvaxA.QO71xpW/CncYQZPKpwAAd1ZzsmrhJTW\nreset_password_token: \nreset_password_sent_at: \nremember_created_at: \nsign_in_count: 50\ncurrent_sign_in_at: 2014-04-25 20:25:18.000000000 Z\nlast_sign_in_at: 2014-04-25 20:05:03.000000000 Z\ncurrent_sign_in_ip: 127.0.0.1\nlast_sign_in_ip: 127.0.0.1\ncreated_at: 2014-03-20 18:04:18.000000000 Z\nupdated_at: 2014-04-25 20:25:18.000000000 Z\nusername: mbueno\nrol_id: 2\ndependencia_id: \n','2014-04-25 20:27:42','127.0.0.1','Mozilla/5.0 (X11; Ubuntu; Linux x86_64; rv:28.0) Gecko/20100101 Firefox/28.0',-2),(158,'User',2,'update',NULL,'---\nid: 2\nemail: mbueno@exa.unrc.edu.ar\nencrypted_password: $2a$10$lYxwbS5Ik4Bdc13IVvaxA.QO71xpW/CncYQZPKpwAAd1ZzsmrhJTW\nreset_password_token: \nreset_password_sent_at: \nremember_created_at: \nsign_in_count: 51\ncurrent_sign_in_at: 2014-04-25 20:27:42.000000000 Z\nlast_sign_in_at: 2014-04-25 20:25:18.000000000 Z\ncurrent_sign_in_ip: 127.0.0.1\nlast_sign_in_ip: 127.0.0.1\ncreated_at: 2014-03-20 18:04:18.000000000 Z\nupdated_at: 2014-04-25 20:27:42.000000000 Z\nusername: mbueno\nrol_id: 2\ndependencia_id: \n','2014-04-25 20:32:04','127.0.0.1','Mozilla/5.0 (X11; Ubuntu; Linux x86_64; rv:28.0) Gecko/20100101 Firefox/28.0',-2),(159,'User',2,'update',NULL,'---\nid: 2\nemail: mbueno@exa.unrc.edu.ar\nencrypted_password: $2a$10$lYxwbS5Ik4Bdc13IVvaxA.QO71xpW/CncYQZPKpwAAd1ZzsmrhJTW\nreset_password_token: \nreset_password_sent_at: \nremember_created_at: \nsign_in_count: 52\ncurrent_sign_in_at: 2014-04-25 20:32:04.000000000 Z\nlast_sign_in_at: 2014-04-25 20:27:42.000000000 Z\ncurrent_sign_in_ip: 127.0.0.1\nlast_sign_in_ip: 127.0.0.1\ncreated_at: 2014-03-20 18:04:18.000000000 Z\nupdated_at: 2014-04-25 20:32:04.000000000 Z\nusername: mbueno\nrol_id: 2\ndependencia_id: \n','2014-04-25 20:34:30','127.0.0.1','Mozilla/5.0 (X11; Ubuntu; Linux x86_64; rv:28.0) Gecko/20100101 Firefox/28.0',-2),(160,'User',2,'update',NULL,'---\nid: 2\nemail: mbueno@exa.unrc.edu.ar\nencrypted_password: $2a$10$lYxwbS5Ik4Bdc13IVvaxA.QO71xpW/CncYQZPKpwAAd1ZzsmrhJTW\nreset_password_token: \nreset_password_sent_at: \nremember_created_at: \nsign_in_count: 53\ncurrent_sign_in_at: 2014-04-25 20:34:30.000000000 Z\nlast_sign_in_at: 2014-04-25 20:32:04.000000000 Z\ncurrent_sign_in_ip: 127.0.0.1\nlast_sign_in_ip: 127.0.0.1\ncreated_at: 2014-03-20 18:04:18.000000000 Z\nupdated_at: 2014-04-25 20:34:30.000000000 Z\nusername: mbueno\nrol_id: 2\ndependencia_id: \n','2014-04-25 20:37:41','127.0.0.1','Mozilla/5.0 (X11; Ubuntu; Linux x86_64; rv:28.0) Gecko/20100101 Firefox/28.0',-2),(161,'User',2,'update',NULL,'---\nid: 2\nemail: mbueno@exa.unrc.edu.ar\nencrypted_password: $2a$10$lYxwbS5Ik4Bdc13IVvaxA.QO71xpW/CncYQZPKpwAAd1ZzsmrhJTW\nreset_password_token: \nreset_password_sent_at: \nremember_created_at: \nsign_in_count: 54\ncurrent_sign_in_at: 2014-04-25 20:37:41.000000000 Z\nlast_sign_in_at: 2014-04-25 20:34:30.000000000 Z\ncurrent_sign_in_ip: 127.0.0.1\nlast_sign_in_ip: 127.0.0.1\ncreated_at: 2014-03-20 18:04:18.000000000 Z\nupdated_at: 2014-04-25 20:37:41.000000000 Z\nusername: mbueno\nrol_id: 2\ndependencia_id: \n','2014-04-25 20:43:11','127.0.0.1','Mozilla/5.0 (X11; Ubuntu; Linux x86_64; rv:28.0) Gecko/20100101 Firefox/28.0',-2),(162,'User',2,'update',NULL,'---\nid: 2\nemail: mbueno@exa.unrc.edu.ar\nencrypted_password: $2a$10$lYxwbS5Ik4Bdc13IVvaxA.QO71xpW/CncYQZPKpwAAd1ZzsmrhJTW\nreset_password_token: \nreset_password_sent_at: \nremember_created_at: \nsign_in_count: 55\ncurrent_sign_in_at: 2014-04-25 20:43:11.000000000 Z\nlast_sign_in_at: 2014-04-25 20:37:41.000000000 Z\ncurrent_sign_in_ip: 127.0.0.1\nlast_sign_in_ip: 127.0.0.1\ncreated_at: 2014-03-20 18:04:18.000000000 Z\nupdated_at: 2014-04-25 20:43:11.000000000 Z\nusername: mbueno\nrol_id: 2\ndependencia_id: \n','2014-04-25 20:45:00','127.0.0.1','Mozilla/5.0 (X11; Ubuntu; Linux x86_64; rv:28.0) Gecko/20100101 Firefox/28.0',-2),(163,'User',2,'update',NULL,'---\nid: 2\nemail: mbueno@exa.unrc.edu.ar\nencrypted_password: $2a$10$lYxwbS5Ik4Bdc13IVvaxA.QO71xpW/CncYQZPKpwAAd1ZzsmrhJTW\nreset_password_token: \nreset_password_sent_at: \nremember_created_at: \nsign_in_count: 56\ncurrent_sign_in_at: 2014-04-25 20:45:00.000000000 Z\nlast_sign_in_at: 2014-04-25 20:43:11.000000000 Z\ncurrent_sign_in_ip: 127.0.0.1\nlast_sign_in_ip: 127.0.0.1\ncreated_at: 2014-03-20 18:04:18.000000000 Z\nupdated_at: 2014-04-25 20:45:00.000000000 Z\nusername: mbueno\nrol_id: 2\ndependencia_id: \n','2014-04-28 19:19:44','127.0.0.1','Mozilla/5.0 (X11; Ubuntu; Linux x86_64; rv:28.0) Gecko/20100101 Firefox/28.0',-2),(164,'User',2,'update',NULL,'---\nid: 2\nemail: mbueno@exa.unrc.edu.ar\nencrypted_password: \"$2a$10$lYxwbS5Ik4Bdc13IVvaxA.QO71xpW/CncYQZPKpwAAd1ZzsmrhJTW\"\nreset_password_token: \nreset_password_sent_at: \nremember_created_at: \nsign_in_count: 57\ncurrent_sign_in_at: 2014-04-28 19:19:44.000000000 Z\nlast_sign_in_at: 2014-04-25 20:45:00.000000000 Z\ncurrent_sign_in_ip: 127.0.0.1\nlast_sign_in_ip: 127.0.0.1\ncreated_at: 2014-03-20 18:04:18.000000000 Z\nupdated_at: 2014-04-28 19:19:44.000000000 Z\nusername: mbueno\nrol_id: 2\ndependencia_id: \n','2014-04-28 20:04:52','127.0.0.1','Mozilla/5.0 (X11; Ubuntu; Linux x86_64; rv:28.0) Gecko/20100101 Firefox/28.0',-2),(165,'User',2,'update',NULL,'---\nid: 2\nemail: mbueno@exa.unrc.edu.ar\nencrypted_password: \"$2a$10$lYxwbS5Ik4Bdc13IVvaxA.QO71xpW/CncYQZPKpwAAd1ZzsmrhJTW\"\nreset_password_token: \nreset_password_sent_at: \nremember_created_at: \nsign_in_count: 58\ncurrent_sign_in_at: 2014-04-28 20:04:52.000000000 Z\nlast_sign_in_at: 2014-04-28 19:19:44.000000000 Z\ncurrent_sign_in_ip: 127.0.0.1\nlast_sign_in_ip: 127.0.0.1\ncreated_at: 2014-03-20 18:04:18.000000000 Z\nupdated_at: 2014-04-28 20:04:52.000000000 Z\nusername: mbueno\nrol_id: 2\ndependencia_id: \n','2014-04-28 20:07:19','127.0.0.1','Mozilla/5.0 (X11; Ubuntu; Linux x86_64; rv:28.0) Gecko/20100101 Firefox/28.0',-2),(166,'User',2,'update',NULL,'---\nid: 2\nemail: mbueno@exa.unrc.edu.ar\nencrypted_password: \"$2a$10$lYxwbS5Ik4Bdc13IVvaxA.QO71xpW/CncYQZPKpwAAd1ZzsmrhJTW\"\nreset_password_token: \nreset_password_sent_at: \nremember_created_at: \nsign_in_count: 59\ncurrent_sign_in_at: 2014-04-28 20:07:19.000000000 Z\nlast_sign_in_at: 2014-04-28 20:04:52.000000000 Z\ncurrent_sign_in_ip: 127.0.0.1\nlast_sign_in_ip: 127.0.0.1\ncreated_at: 2014-03-20 18:04:18.000000000 Z\nupdated_at: 2014-04-28 20:07:19.000000000 Z\nusername: mbueno\nrol_id: 2\ndependencia_id: \n','2014-04-28 20:09:59','127.0.0.1','Mozilla/5.0 (X11; Ubuntu; Linux x86_64; rv:28.0) Gecko/20100101 Firefox/28.0',-2),(167,'User',2,'update',NULL,'---\nid: 2\nemail: mbueno@exa.unrc.edu.ar\nencrypted_password: \"$2a$10$lYxwbS5Ik4Bdc13IVvaxA.QO71xpW/CncYQZPKpwAAd1ZzsmrhJTW\"\nreset_password_token: \nreset_password_sent_at: \nremember_created_at: \nsign_in_count: 60\ncurrent_sign_in_at: 2014-04-28 20:09:59.000000000 Z\nlast_sign_in_at: 2014-04-28 20:07:19.000000000 Z\ncurrent_sign_in_ip: 127.0.0.1\nlast_sign_in_ip: 127.0.0.1\ncreated_at: 2014-03-20 18:04:18.000000000 Z\nupdated_at: 2014-04-28 20:09:59.000000000 Z\nusername: mbueno\nrol_id: 2\ndependencia_id: \n','2014-04-28 20:27:00',NULL,NULL,NULL),(168,'User',2,'update',NULL,'---\nid: 2\nemail: mbueno@exa.unrc.edu.ar\nencrypted_password: \"$2a$10$lYxwbS5Ik4Bdc13IVvaxA.QO71xpW/CncYQZPKpwAAd1ZzsmrhJTW\"\nreset_password_token: \nreset_password_sent_at: \nremember_created_at: \nsign_in_count: 61\ncurrent_sign_in_at: 2014-04-28 20:27:00.000000000 Z\nlast_sign_in_at: 2014-04-28 20:09:59.000000000 Z\ncurrent_sign_in_ip: 127.0.0.1\nlast_sign_in_ip: 127.0.0.1\ncreated_at: 2014-03-20 18:04:18.000000000 Z\nupdated_at: 2014-04-28 20:27:00.000000000 Z\nusername: mbueno\nrol_id: 2\ndependencia_id: \n','2014-05-05 20:04:26','127.0.0.1','Mozilla/5.0 (X11; Ubuntu; Linux x86_64; rv:28.0) Gecko/20100101 Firefox/28.0',-2),(169,'User',2,'update',NULL,'---\nid: 2\nemail: mbueno@exa.unrc.edu.ar\nencrypted_password: \"$2a$10$lYxwbS5Ik4Bdc13IVvaxA.QO71xpW/CncYQZPKpwAAd1ZzsmrhJTW\"\nreset_password_token: \nreset_password_sent_at: \nremember_created_at: \nsign_in_count: 62\ncurrent_sign_in_at: 2014-05-05 20:04:26.000000000 Z\nlast_sign_in_at: 2014-04-28 20:27:00.000000000 Z\ncurrent_sign_in_ip: 127.0.0.1\nlast_sign_in_ip: 127.0.0.1\ncreated_at: 2014-03-20 18:04:18.000000000 Z\nupdated_at: 2014-05-05 20:04:26.000000000 Z\nusername: mbueno\nrol_id: 2\ndependencia_id: \n','2014-05-05 20:04:29','200.7.131.232','Mozilla/5.0 (X11; Ubuntu; Linux x86_64; rv:29.0) Gecko/20100101 Firefox/29.0',-2),(170,'User',1,'update',NULL,'---\nid: 1\nemail: mmarozzi@gmail.com\nencrypted_password: \"$2a$10$WoKH9DawiAl3.bqBOb1cm.kkiRCfiIRiyEwS6exe0GdgdpTPPvXa6\"\nreset_password_token: Bu5djKURMYEjRFdGx6iq\nreset_password_sent_at: 2014-03-20 20:19:44.000000000 Z\nremember_created_at: \nsign_in_count: 6\ncurrent_sign_in_at: 2014-03-21 18:49:56.000000000 Z\nlast_sign_in_at: 2014-03-19 21:53:40.000000000 Z\ncurrent_sign_in_ip: 127.0.0.1\nlast_sign_in_ip: 127.0.0.1\ncreated_at: 2014-03-18 19:50:01.000000000 Z\nupdated_at: 2014-03-21 18:49:56.000000000 Z\nusername: mmarozzi\nrol_id: 1\ndependencia_id: \n','2014-08-05 19:51:13','127.0.0.1','Mozilla/5.0 (X11; Ubuntu; Linux x86_64; rv:30.0) Gecko/20100101 Firefox/30.0',-2),(171,'User',1,'update',NULL,'---\nid: 1\nemail: mmarozzi@gmail.com\nencrypted_password: \"$2a$10$WoKH9DawiAl3.bqBOb1cm.kkiRCfiIRiyEwS6exe0GdgdpTPPvXa6\"\nreset_password_token: Bu5djKURMYEjRFdGx6iq\nreset_password_sent_at: 2014-03-20 20:19:44.000000000 Z\nremember_created_at: \nsign_in_count: 7\ncurrent_sign_in_at: 2014-08-05 19:51:13.000000000 Z\nlast_sign_in_at: 2014-03-21 18:49:56.000000000 Z\ncurrent_sign_in_ip: 127.0.0.1\nlast_sign_in_ip: 127.0.0.1\ncreated_at: 2014-03-18 19:50:01.000000000 Z\nupdated_at: 2014-08-05 19:51:13.000000000 Z\nusername: mmarozzi\nrol_id: 1\ndependencia_id: \n','2014-08-06 19:02:13','127.0.0.1','Mozilla/5.0 (X11; Ubuntu; Linux x86_64; rv:30.0) Gecko/20100101 Firefox/30.0',-2),(172,'User',1,'update',NULL,'---\nid: 1\nemail: mmarozzi@gmail.com\nencrypted_password: \"$2a$10$WoKH9DawiAl3.bqBOb1cm.kkiRCfiIRiyEwS6exe0GdgdpTPPvXa6\"\nreset_password_token: Bu5djKURMYEjRFdGx6iq\nreset_password_sent_at: 2014-03-20 20:19:44.000000000 Z\nremember_created_at: \nsign_in_count: 8\ncurrent_sign_in_at: 2014-08-06 19:02:13.000000000 Z\nlast_sign_in_at: 2014-08-05 19:51:13.000000000 Z\ncurrent_sign_in_ip: 127.0.0.1\nlast_sign_in_ip: 127.0.0.1\ncreated_at: 2014-03-18 19:50:01.000000000 Z\nupdated_at: 2014-08-06 19:02:13.000000000 Z\nusername: mmarozzi\nrol_id: 1\ndependencia_id: \n','2014-08-08 18:52:28','127.0.0.1','Mozilla/5.0 (X11; Ubuntu; Linux x86_64; rv:30.0) Gecko/20100101 Firefox/30.0',-2),(173,'User',1,'update',NULL,'---\nid: 1\nemail: mmarozzi@gmail.com\nencrypted_password: \"$2a$10$WoKH9DawiAl3.bqBOb1cm.kkiRCfiIRiyEwS6exe0GdgdpTPPvXa6\"\nreset_password_token: Bu5djKURMYEjRFdGx6iq\nreset_password_sent_at: 2014-03-20 20:19:44.000000000 Z\nremember_created_at: \nsign_in_count: 9\ncurrent_sign_in_at: 2014-08-08 18:52:28.000000000 Z\nlast_sign_in_at: 2014-08-06 19:02:13.000000000 Z\ncurrent_sign_in_ip: 127.0.0.1\nlast_sign_in_ip: 127.0.0.1\ncreated_at: 2014-03-18 19:50:01.000000000 Z\nupdated_at: 2014-08-08 18:52:28.000000000 Z\nusername: mmarozzi\nrol_id: 1\ndependencia_id: \n','2014-08-11 18:29:54','127.0.0.1','Mozilla/5.0 (X11; Ubuntu; Linux x86_64; rv:30.0) Gecko/20100101 Firefox/30.0',-2),(174,'User',1,'update',NULL,'---\nid: 1\nemail: mmarozzi@gmail.com\nencrypted_password: \"$2a$10$WoKH9DawiAl3.bqBOb1cm.kkiRCfiIRiyEwS6exe0GdgdpTPPvXa6\"\nreset_password_token: Bu5djKURMYEjRFdGx6iq\nreset_password_sent_at: 2014-03-20 20:19:44.000000000 Z\nremember_created_at: \nsign_in_count: 10\ncurrent_sign_in_at: 2014-08-11 18:29:54.000000000 Z\nlast_sign_in_at: 2014-08-08 18:52:28.000000000 Z\ncurrent_sign_in_ip: 127.0.0.1\nlast_sign_in_ip: 127.0.0.1\ncreated_at: 2014-03-18 19:50:01.000000000 Z\nupdated_at: 2014-08-11 18:29:54.000000000 Z\nusername: mmarozzi\nrol_id: 1\ndependencia_id: \n','2014-08-12 18:36:55','127.0.0.1','Mozilla/5.0 (X11; Ubuntu; Linux x86_64; rv:30.0) Gecko/20100101 Firefox/30.0',-2),(175,'User',1,'update',NULL,'---\nid: 1\nemail: mmarozzi@gmail.com\nencrypted_password: \"$2a$10$WoKH9DawiAl3.bqBOb1cm.kkiRCfiIRiyEwS6exe0GdgdpTPPvXa6\"\nreset_password_token: Bu5djKURMYEjRFdGx6iq\nreset_password_sent_at: 2014-03-20 20:19:44.000000000 Z\nremember_created_at: \nsign_in_count: 11\ncurrent_sign_in_at: 2014-08-12 18:36:55.000000000 Z\nlast_sign_in_at: 2014-08-11 18:29:54.000000000 Z\ncurrent_sign_in_ip: 127.0.0.1\nlast_sign_in_ip: 127.0.0.1\ncreated_at: 2014-03-18 19:50:01.000000000 Z\nupdated_at: 2014-08-12 18:36:55.000000000 Z\nusername: mmarozzi\nrol_id: 1\ndependencia_id: \n','2014-08-12 20:24:10','200.7.131.232','Mozilla/5.0 (Linux; Android 4.1.2; XT919 Build/2_330_2017) AppleWebKit/537.36 (KHTML, like Gecko) Chrome/36.0.1985.131 Mobile Safari/537.36',-2),(176,'User',1,'update',NULL,'---\nid: 1\nemail: mmarozzi@gmail.com\nencrypted_password: \"$2a$10$WoKH9DawiAl3.bqBOb1cm.kkiRCfiIRiyEwS6exe0GdgdpTPPvXa6\"\nreset_password_token: Bu5djKURMYEjRFdGx6iq\nreset_password_sent_at: 2014-03-20 20:19:44.000000000 Z\nremember_created_at: \nsign_in_count: 12\ncurrent_sign_in_at: 2014-08-12 20:24:09.000000000 Z\nlast_sign_in_at: 2014-08-12 18:36:55.000000000 Z\ncurrent_sign_in_ip: 200.7.131.232\nlast_sign_in_ip: 127.0.0.1\ncreated_at: 2014-03-18 19:50:01.000000000 Z\nupdated_at: 2014-08-12 20:24:10.000000000 Z\nusername: mmarozzi\nrol_id: 1\ndependencia_id: \n','2014-08-13 18:27:23','127.0.0.1','Mozilla/5.0 (X11; Ubuntu; Linux x86_64; rv:30.0) Gecko/20100101 Firefox/30.0',-2),(177,'User',1,'update',NULL,'---\nid: 1\nemail: mmarozzi@gmail.com\nencrypted_password: \"$2a$10$WoKH9DawiAl3.bqBOb1cm.kkiRCfiIRiyEwS6exe0GdgdpTPPvXa6\"\nreset_password_token: Bu5djKURMYEjRFdGx6iq\nreset_password_sent_at: 2014-03-20 20:19:44.000000000 Z\nremember_created_at: \nsign_in_count: 13\ncurrent_sign_in_at: 2014-08-13 18:27:23.000000000 Z\nlast_sign_in_at: 2014-08-12 20:24:09.000000000 Z\ncurrent_sign_in_ip: 127.0.0.1\nlast_sign_in_ip: 200.7.131.232\ncreated_at: 2014-03-18 19:50:01.000000000 Z\nupdated_at: 2014-08-13 18:27:23.000000000 Z\nusername: mmarozzi\nrol_id: 1\ndependencia_id: \n','2014-08-14 18:22:39','127.0.0.1','Mozilla/5.0 (X11; Ubuntu; Linux x86_64; rv:30.0) Gecko/20100101 Firefox/30.0',-2),(178,'User',1,'update',NULL,'---\nid: 1\nemail: mmarozzi@gmail.com\nencrypted_password: \"$2a$10$WoKH9DawiAl3.bqBOb1cm.kkiRCfiIRiyEwS6exe0GdgdpTPPvXa6\"\nreset_password_token: Bu5djKURMYEjRFdGx6iq\nreset_password_sent_at: 2014-03-20 20:19:44.000000000 Z\nremember_created_at: \nsign_in_count: 14\ncurrent_sign_in_at: 2014-08-14 18:22:38.000000000 Z\nlast_sign_in_at: 2014-08-13 18:27:23.000000000 Z\ncurrent_sign_in_ip: 127.0.0.1\nlast_sign_in_ip: 127.0.0.1\ncreated_at: 2014-03-18 19:50:01.000000000 Z\nupdated_at: 2014-08-14 18:22:38.000000000 Z\nusername: mmarozzi\nrol_id: 1\ndependencia_id: \n','2014-08-15 19:09:52','127.0.0.1','Mozilla/5.0 (X11; Ubuntu; Linux x86_64; rv:30.0) Gecko/20100101 Firefox/30.0',-2),(179,'User',1,'update',NULL,'---\nid: 1\nemail: mmarozzi@gmail.com\nencrypted_password: \"$2a$10$WoKH9DawiAl3.bqBOb1cm.kkiRCfiIRiyEwS6exe0GdgdpTPPvXa6\"\nreset_password_token: Bu5djKURMYEjRFdGx6iq\nreset_password_sent_at: 2014-03-20 20:19:44.000000000 Z\nremember_created_at: \nsign_in_count: 15\ncurrent_sign_in_at: 2014-08-15 19:09:52.000000000 Z\nlast_sign_in_at: 2014-08-14 18:22:38.000000000 Z\ncurrent_sign_in_ip: 127.0.0.1\nlast_sign_in_ip: 127.0.0.1\ncreated_at: 2014-03-18 19:50:01.000000000 Z\nupdated_at: 2014-08-15 19:09:52.000000000 Z\nusername: mmarozzi\nrol_id: 1\ndependencia_id: \n','2014-08-19 19:23:38','127.0.0.1','Mozilla/5.0 (X11; Ubuntu; Linux x86_64; rv:30.0) Gecko/20100101 Firefox/30.0',-2),(180,'Cargo',19,'create','1',NULL,'2014-08-19 20:01:19','127.0.0.1','Mozilla/5.0 (X11; Ubuntu; Linux x86_64; rv:30.0) Gecko/20100101 Firefox/30.0',1),(181,'Cargo',19,'destroy','1','---\nid: 19\nnombre: Eliminar\ndescripcion: \'\'\ncreated_at: 2014-08-19 20:01:19.000000000 Z\nupdated_at: 2014-08-19 20:01:19.000000000 Z\n','2014-08-19 20:01:28','127.0.0.1','Mozilla/5.0 (X11; Ubuntu; Linux x86_64; rv:30.0) Gecko/20100101 Firefox/30.0',1),(182,'User',1,'update',NULL,'---\nid: 1\nemail: mmarozzi@gmail.com\nencrypted_password: \"$2a$10$WoKH9DawiAl3.bqBOb1cm.kkiRCfiIRiyEwS6exe0GdgdpTPPvXa6\"\nreset_password_token: Bu5djKURMYEjRFdGx6iq\nreset_password_sent_at: 2014-03-20 20:19:44.000000000 Z\nremember_created_at: \nsign_in_count: 16\ncurrent_sign_in_at: 2014-08-19 19:23:38.000000000 Z\nlast_sign_in_at: 2014-08-15 19:09:52.000000000 Z\ncurrent_sign_in_ip: 127.0.0.1\nlast_sign_in_ip: 127.0.0.1\ncreated_at: 2014-03-18 19:50:01.000000000 Z\nupdated_at: 2014-08-19 19:23:38.000000000 Z\nusername: mmarozzi\nrol_id: 1\ndependencia_id: \n','2014-08-21 17:56:29','127.0.0.1','Mozilla/5.0 (X11; Linux x86_64) AppleWebKit/537.36 (KHTML, like Gecko) Ubuntu Chromium/36.0.1985.125 Chrome/36.0.1985.125 Safari/537.36',-2),(183,'User',1,'update',NULL,'---\nid: 1\nemail: mmarozzi@gmail.com\nencrypted_password: \"$2a$10$WoKH9DawiAl3.bqBOb1cm.kkiRCfiIRiyEwS6exe0GdgdpTPPvXa6\"\nreset_password_token: Bu5djKURMYEjRFdGx6iq\nreset_password_sent_at: 2014-03-20 20:19:44.000000000 Z\nremember_created_at: 2014-08-21 17:56:29.240164894 Z\nsign_in_count: 16\ncurrent_sign_in_at: 2014-08-19 19:23:38.000000000 Z\nlast_sign_in_at: 2014-08-15 19:09:52.000000000 Z\ncurrent_sign_in_ip: 127.0.0.1\nlast_sign_in_ip: 127.0.0.1\ncreated_at: 2014-03-18 19:50:01.000000000 Z\nupdated_at: 2014-08-21 17:56:29.241462274 Z\nusername: mmarozzi\nrol_id: 1\ndependencia_id: \n','2014-08-21 17:56:29','127.0.0.1','Mozilla/5.0 (X11; Linux x86_64) AppleWebKit/537.36 (KHTML, like Gecko) Ubuntu Chromium/36.0.1985.125 Chrome/36.0.1985.125 Safari/537.36',-2),(184,'User',1,'update',NULL,'---\nid: 1\nemail: mmarozzi@gmail.com\nencrypted_password: \"$2a$10$WoKH9DawiAl3.bqBOb1cm.kkiRCfiIRiyEwS6exe0GdgdpTPPvXa6\"\nreset_password_token: Bu5djKURMYEjRFdGx6iq\nreset_password_sent_at: 2014-03-20 20:19:44.000000000 Z\nremember_created_at: 2014-08-21 17:56:29.000000000 Z\nsign_in_count: 17\ncurrent_sign_in_at: 2014-08-21 17:56:29.000000000 Z\nlast_sign_in_at: 2014-08-19 19:23:38.000000000 Z\ncurrent_sign_in_ip: 127.0.0.1\nlast_sign_in_ip: 127.0.0.1\ncreated_at: 2014-03-18 19:50:01.000000000 Z\nupdated_at: 2014-08-21 17:56:29.000000000 Z\nusername: mmarozzi\nrol_id: 1\ndependencia_id: \n','2014-08-22 17:54:03','127.0.0.1','Mozilla/5.0 (X11; Ubuntu; Linux x86_64; rv:31.0) Gecko/20100101 Firefox/31.0',-2),(185,'User',1,'update','1','---\nid: 1\nemail: mmarozzi@gmail.com\nencrypted_password: \"$2a$10$WoKH9DawiAl3.bqBOb1cm.kkiRCfiIRiyEwS6exe0GdgdpTPPvXa6\"\nreset_password_token: Bu5djKURMYEjRFdGx6iq\nreset_password_sent_at: 2014-03-20 20:19:44.000000000 Z\nremember_created_at: 2014-08-21 17:56:29.000000000 Z\nsign_in_count: 18\ncurrent_sign_in_at: 2014-08-22 17:54:03.000000000 Z\nlast_sign_in_at: 2014-08-21 17:56:29.000000000 Z\ncurrent_sign_in_ip: 127.0.0.1\nlast_sign_in_ip: 127.0.0.1\ncreated_at: 2014-03-18 19:50:01.000000000 Z\nupdated_at: 2014-08-22 17:54:03.000000000 Z\nusername: mmarozzi\nrol_id: 1\ndependencia_id: \n','2014-08-22 17:54:56','127.0.0.1','Mozilla/5.0 (X11; Ubuntu; Linux x86_64; rv:31.0) Gecko/20100101 Firefox/31.0',1),(186,'User',2,'update',NULL,'---\nid: 2\nemail: mbueno@exa.unrc.edu.ar\nencrypted_password: \"$2a$10$lYxwbS5Ik4Bdc13IVvaxA.QO71xpW/CncYQZPKpwAAd1ZzsmrhJTW\"\nreset_password_token: \nreset_password_sent_at: \nremember_created_at: \nsign_in_count: 63\ncurrent_sign_in_at: 2014-05-05 20:04:29.000000000 Z\nlast_sign_in_at: 2014-05-05 20:04:26.000000000 Z\ncurrent_sign_in_ip: 200.7.131.232\nlast_sign_in_ip: 127.0.0.1\ncreated_at: 2014-03-20 18:04:18.000000000 Z\nupdated_at: 2014-05-05 20:04:29.000000000 Z\nusername: mbueno\nrol_id: 2\ndependencia_id: \n','2014-08-22 17:59:05','200.7.130.207','Mozilla/5.0 (Windows NT 5.1; rv:31.0) Gecko/20100101 Firefox/31.0',-2),(187,'User',2,'update',NULL,'---\nid: 2\nemail: mbueno@exa.unrc.edu.ar\nencrypted_password: \"$2a$10$lYxwbS5Ik4Bdc13IVvaxA.QO71xpW/CncYQZPKpwAAd1ZzsmrhJTW\"\nreset_password_token: \nreset_password_sent_at: \nremember_created_at: \nsign_in_count: 64\ncurrent_sign_in_at: 2014-08-22 17:59:05.000000000 Z\nlast_sign_in_at: 2014-05-05 20:04:29.000000000 Z\ncurrent_sign_in_ip: 200.7.130.207\nlast_sign_in_ip: 200.7.131.232\ncreated_at: 2014-03-20 18:04:18.000000000 Z\nupdated_at: 2014-08-22 17:59:05.000000000 Z\nusername: mbueno\nrol_id: 2\ndependencia_id: \n','2014-08-22 18:25:23','200.7.130.207','Mozilla/5.0 (Windows NT 5.1; rv:31.0) Gecko/20100101 Firefox/31.0',-2),(188,'User',2,'update',NULL,'---\nid: 2\nemail: mbueno@exa.unrc.edu.ar\nencrypted_password: \"$2a$10$lYxwbS5Ik4Bdc13IVvaxA.QO71xpW/CncYQZPKpwAAd1ZzsmrhJTW\"\nreset_password_token: \nreset_password_sent_at: \nremember_created_at: 2014-08-22 18:25:23.090680179 Z\nsign_in_count: 64\ncurrent_sign_in_at: 2014-08-22 17:59:05.000000000 Z\nlast_sign_in_at: 2014-05-05 20:04:29.000000000 Z\ncurrent_sign_in_ip: 200.7.130.207\nlast_sign_in_ip: 200.7.131.232\ncreated_at: 2014-03-20 18:04:18.000000000 Z\nupdated_at: 2014-08-22 18:25:23.091459124 Z\nusername: mbueno\nrol_id: 2\ndependencia_id: \n','2014-08-22 18:25:23','200.7.130.207','Mozilla/5.0 (Windows NT 5.1; rv:31.0) Gecko/20100101 Firefox/31.0',-2),(189,'User',1,'update',NULL,'---\nid: 1\nemail: mmarozzi@gmail.com\nencrypted_password: \"$2a$10$WoKH9DawiAl3.bqBOb1cm.kkiRCfiIRiyEwS6exe0GdgdpTPPvXa6\"\nreset_password_token: Bu5djKURMYEjRFdGx6iq\nreset_password_sent_at: 2014-03-20 20:19:44.000000000 Z\nremember_created_at: \nsign_in_count: 18\ncurrent_sign_in_at: 2014-08-22 17:54:03.000000000 Z\nlast_sign_in_at: 2014-08-21 17:56:29.000000000 Z\ncurrent_sign_in_ip: 127.0.0.1\nlast_sign_in_ip: 127.0.0.1\ncreated_at: 2014-03-18 19:50:01.000000000 Z\nupdated_at: 2014-08-22 17:54:56.000000000 Z\nusername: mmarozzi\nrol_id: 1\ndependencia_id: \n','2014-08-22 18:43:39',NULL,NULL,NULL),(190,'User',1,'update',NULL,'---\nid: 1\nemail: mmarozzi@gmail.com\nencrypted_password: \"$2a$10$WoKH9DawiAl3.bqBOb1cm.kkiRCfiIRiyEwS6exe0GdgdpTPPvXa6\"\nreset_password_token: Bu5djKURMYEjRFdGx6iq\nreset_password_sent_at: 2014-03-20 20:19:44.000000000 Z\nremember_created_at: \nsign_in_count: 19\ncurrent_sign_in_at: 2014-08-22 18:43:39.000000000 Z\nlast_sign_in_at: 2014-08-22 17:54:03.000000000 Z\ncurrent_sign_in_ip: 127.0.0.1\nlast_sign_in_ip: 127.0.0.1\ncreated_at: 2014-03-18 19:50:01.000000000 Z\nupdated_at: 2014-08-22 18:43:39.000000000 Z\nusername: mmarozzi\nrol_id: 1\ndependencia_id: \n','2014-08-25 18:27:57','127.0.0.1','Mozilla/5.0 (X11; Ubuntu; Linux x86_64; rv:31.0) Gecko/20100101 Firefox/31.0',-2),(191,'Cargo',19,'create','1',NULL,'2014-08-25 18:56:53','127.0.0.1','Mozilla/5.0 (X11; Ubuntu; Linux x86_64; rv:31.0) Gecko/20100101 Firefox/31.0',1),(192,'Cargo',19,'destroy','1','---\nid: 19\nnombre: terca\ndescripcion: \'\'\ncreated_at: 2014-08-25 18:56:53.000000000 Z\nupdated_at: 2014-08-25 18:56:53.000000000 Z\n','2014-08-25 18:57:06','127.0.0.1','Mozilla/5.0 (X11; Ubuntu; Linux x86_64; rv:31.0) Gecko/20100101 Firefox/31.0',1),(193,'User',1,'update',NULL,'---\nid: 1\nemail: mmarozzi@gmail.com\nencrypted_password: \"$2a$10$WoKH9DawiAl3.bqBOb1cm.kkiRCfiIRiyEwS6exe0GdgdpTPPvXa6\"\nreset_password_token: Bu5djKURMYEjRFdGx6iq\nreset_password_sent_at: 2014-03-20 20:19:44.000000000 Z\nremember_created_at: \nsign_in_count: 20\ncurrent_sign_in_at: 2014-08-25 18:27:56.000000000 Z\nlast_sign_in_at: 2014-08-22 18:43:39.000000000 Z\ncurrent_sign_in_ip: 127.0.0.1\nlast_sign_in_ip: 127.0.0.1\ncreated_at: 2014-03-18 19:50:01.000000000 Z\nupdated_at: 2014-08-25 18:27:56.000000000 Z\nusername: mmarozzi\nrol_id: 1\ndependencia_id: \n','2014-08-25 19:33:06','200.7.131.232','Mozilla/5.0 (Linux; Android 4.1.2; XT919 Build/2_330_2017) AppleWebKit/537.36 (KHTML, like Gecko) Chrome/36.0.1985.135 Mobile Safari/537.36',-2),(194,'Cargo',20,'create','1',NULL,'2014-08-25 20:01:59','127.0.0.1','Mozilla/5.0 (X11; Ubuntu; Linux x86_64; rv:31.0) Gecko/20100101 Firefox/31.0',1),(195,'Cargo',20,'destroy','1','---\nid: 20\nnombre: test\ndescripcion: \'\'\ncreated_at: 2014-08-25 20:01:59.000000000 Z\nupdated_at: 2014-08-25 20:01:59.000000000 Z\n','2014-08-25 20:02:40','127.0.0.1','Mozilla/5.0 (X11; Ubuntu; Linux x86_64; rv:31.0) Gecko/20100101 Firefox/31.0',1),(196,'Cargo',21,'create','1',NULL,'2014-08-25 20:04:53','127.0.0.1','Mozilla/5.0 (X11; Ubuntu; Linux x86_64; rv:31.0) Gecko/20100101 Firefox/31.0',1),(197,'Cargo',22,'create','1',NULL,'2014-08-25 20:05:06','127.0.0.1','Mozilla/5.0 (X11; Ubuntu; Linux x86_64; rv:31.0) Gecko/20100101 Firefox/31.0',1),(198,'Cargo',21,'destroy','1','---\nid: 21\nnombre: test\ndescripcion: \'\'\ncreated_at: 2014-08-25 20:04:53.000000000 Z\nupdated_at: 2014-08-25 20:04:53.000000000 Z\n','2014-08-25 20:05:31','127.0.0.1','Mozilla/5.0 (X11; Ubuntu; Linux x86_64; rv:31.0) Gecko/20100101 Firefox/31.0',1),(199,'Cargo',22,'destroy','1','---\nid: 22\nnombre: testa\ndescripcion: \'\'\ncreated_at: 2014-08-25 20:05:06.000000000 Z\nupdated_at: 2014-08-25 20:05:06.000000000 Z\n','2014-08-25 20:05:37','127.0.0.1','Mozilla/5.0 (X11; Ubuntu; Linux x86_64; rv:31.0) Gecko/20100101 Firefox/31.0',1),(200,'Cargo',23,'create','1',NULL,'2014-08-25 20:07:03','127.0.0.1','Mozilla/5.0 (X11; Ubuntu; Linux x86_64; rv:31.0) Gecko/20100101 Firefox/31.0',1),(201,'Cargo',24,'create','1',NULL,'2014-08-25 20:07:26','127.0.0.1','Mozilla/5.0 (X11; Ubuntu; Linux x86_64; rv:31.0) Gecko/20100101 Firefox/31.0',1),(202,'Cargo',25,'create','1',NULL,'2014-08-25 20:13:16','127.0.0.1','Mozilla/5.0 (X11; Ubuntu; Linux x86_64; rv:31.0) Gecko/20100101 Firefox/31.0',1),(203,'Cargo',25,'destroy','1','---\nid: 25\nnombre: TESTA2a\ndescripcion: \'\'\ncreated_at: 2014-08-25 20:13:16.000000000 Z\nupdated_at: 2014-08-25 20:13:16.000000000 Z\n','2014-08-25 20:13:54','127.0.0.1','Mozilla/5.0 (X11; Ubuntu; Linux x86_64; rv:31.0) Gecko/20100101 Firefox/31.0',1),(204,'Cargo',23,'destroy','1','---\nid: 23\nnombre: TESTA\ndescripcion: \'\'\ncreated_at: 2014-08-25 20:07:03.000000000 Z\nupdated_at: 2014-08-25 20:07:03.000000000 Z\n','2014-08-25 20:13:58','127.0.0.1','Mozilla/5.0 (X11; Ubuntu; Linux x86_64; rv:31.0) Gecko/20100101 Firefox/31.0',1),(205,'Cargo',2,'destroy','1','---\nid: 2\nnombre: Secretario Tecnico\ndescripcion: \'\'\ncreated_at: 2013-09-10 20:25:50.000000000 Z\nupdated_at: 2013-09-10 20:25:50.000000000 Z\n','2014-08-25 20:14:03','127.0.0.1','Mozilla/5.0 (X11; Ubuntu; Linux x86_64; rv:31.0) Gecko/20100101 Firefox/31.0',1),(206,'Cargo',24,'destroy','1','---\nid: 24\nnombre: TESTA2\ndescripcion: \'\'\ncreated_at: 2014-08-25 20:07:26.000000000 Z\nupdated_at: 2014-08-25 20:07:26.000000000 Z\n','2014-08-25 20:14:07','127.0.0.1','Mozilla/5.0 (X11; Ubuntu; Linux x86_64; rv:31.0) Gecko/20100101 Firefox/31.0',1),(207,'Cargo',26,'create','1',NULL,'2014-08-25 20:14:13','127.0.0.1','Mozilla/5.0 (X11; Ubuntu; Linux x86_64; rv:31.0) Gecko/20100101 Firefox/31.0',1),(208,'Cargo',27,'create','1',NULL,'2014-08-25 20:16:51','127.0.0.1','Mozilla/5.0 (X11; Ubuntu; Linux x86_64; rv:31.0) Gecko/20100101 Firefox/31.0',1),(209,'Cargo',28,'create','1',NULL,'2014-08-25 20:17:21','127.0.0.1','Mozilla/5.0 (X11; Ubuntu; Linux x86_64; rv:31.0) Gecko/20100101 Firefox/31.0',1),(210,'Cargo',28,'destroy','1','---\nid: 28\nnombre: testass\ndescripcion: \'\'\ncreated_at: 2014-08-25 20:17:21.000000000 Z\nupdated_at: 2014-08-25 20:17:21.000000000 Z\n','2014-08-25 20:17:38','127.0.0.1','Mozilla/5.0 (X11; Ubuntu; Linux x86_64; rv:31.0) Gecko/20100101 Firefox/31.0',1),(211,'Cargo',26,'destroy','1','---\nid: 26\nnombre: test\ndescripcion: \'\'\ncreated_at: 2014-08-25 20:14:13.000000000 Z\nupdated_at: 2014-08-25 20:14:13.000000000 Z\n','2014-08-25 20:17:42','127.0.0.1','Mozilla/5.0 (X11; Ubuntu; Linux x86_64; rv:31.0) Gecko/20100101 Firefox/31.0',1),(212,'Cargo',27,'destroy','1','---\nid: 27\nnombre: testas\ndescripcion: \'\'\ncreated_at: 2014-08-25 20:16:51.000000000 Z\nupdated_at: 2014-08-25 20:16:51.000000000 Z\n','2014-08-25 20:17:46','127.0.0.1','Mozilla/5.0 (X11; Ubuntu; Linux x86_64; rv:31.0) Gecko/20100101 Firefox/31.0',1),(213,'Cargo',29,'create','1',NULL,'2014-08-25 20:19:35','127.0.0.1','Mozilla/5.0 (X11; Ubuntu; Linux x86_64; rv:31.0) Gecko/20100101 Firefox/31.0',1),(214,'Cargo',29,'destroy','1','---\nid: 29\nnombre: testa\ndescripcion: \'\'\ncreated_at: 2014-08-25 20:19:35.000000000 Z\nupdated_at: 2014-08-25 20:19:35.000000000 Z\n','2014-08-25 20:20:25','127.0.0.1','Mozilla/5.0 (X11; Ubuntu; Linux x86_64; rv:31.0) Gecko/20100101 Firefox/31.0',1),(215,'Cargo',30,'create','1',NULL,'2014-08-25 20:20:32','127.0.0.1','Mozilla/5.0 (X11; Ubuntu; Linux x86_64; rv:31.0) Gecko/20100101 Firefox/31.0',1),(216,'Cargo',30,'destroy','1','---\nid: 30\nnombre: ACA\ndescripcion: \'\'\ncreated_at: 2014-08-25 20:20:32.000000000 Z\nupdated_at: 2014-08-25 20:20:32.000000000 Z\n','2014-08-25 20:20:49','127.0.0.1','Mozilla/5.0 (X11; Ubuntu; Linux x86_64; rv:31.0) Gecko/20100101 Firefox/31.0',1),(217,'User',1,'update',NULL,'---\nid: 1\nemail: mmarozzi@gmail.com\nencrypted_password: \"$2a$10$WoKH9DawiAl3.bqBOb1cm.kkiRCfiIRiyEwS6exe0GdgdpTPPvXa6\"\nreset_password_token: Bu5djKURMYEjRFdGx6iq\nreset_password_sent_at: 2014-03-20 20:19:44.000000000 Z\nremember_created_at: \nsign_in_count: 21\ncurrent_sign_in_at: 2014-08-25 19:33:06.000000000 Z\nlast_sign_in_at: 2014-08-25 18:27:56.000000000 Z\ncurrent_sign_in_ip: 200.7.131.232\nlast_sign_in_ip: 127.0.0.1\ncreated_at: 2014-03-18 19:50:01.000000000 Z\nupdated_at: 2014-08-25 19:33:06.000000000 Z\nusername: mmarozzi\nrol_id: 1\ndependencia_id: \n','2014-08-26 18:31:06','127.0.0.1','Mozilla/5.0 (X11; Ubuntu; Linux x86_64; rv:31.0) Gecko/20100101 Firefox/31.0',-2),(218,'Cargo',31,'create','1',NULL,'2014-08-26 18:31:23','127.0.0.1','Mozilla/5.0 (X11; Ubuntu; Linux x86_64; rv:31.0) Gecko/20100101 Firefox/31.0',1),(219,'Cargo',31,'destroy','1','---\nid: 31\nnombre: saca\ndescripcion: \'\'\ncreated_at: 2014-08-26 18:31:23.000000000 Z\nupdated_at: 2014-08-26 18:31:23.000000000 Z\n','2014-08-26 18:31:53','127.0.0.1','Mozilla/5.0 (X11; Ubuntu; Linux x86_64; rv:31.0) Gecko/20100101 Firefox/31.0',1),(220,'User',1,'update',NULL,'---\nid: 1\nemail: mmarozzi@gmail.com\nencrypted_password: \"$2a$10$WoKH9DawiAl3.bqBOb1cm.kkiRCfiIRiyEwS6exe0GdgdpTPPvXa6\"\nreset_password_token: Bu5djKURMYEjRFdGx6iq\nreset_password_sent_at: 2014-03-20 20:19:44.000000000 Z\nremember_created_at: \nsign_in_count: 22\ncurrent_sign_in_at: 2014-08-26 18:31:06.000000000 Z\nlast_sign_in_at: 2014-08-25 19:33:06.000000000 Z\ncurrent_sign_in_ip: 127.0.0.1\nlast_sign_in_ip: 200.7.131.232\ncreated_at: 2014-03-18 19:50:01.000000000 Z\nupdated_at: 2014-08-26 18:31:06.000000000 Z\nusername: mmarozzi\nrol_id: 1\ndependencia_id: \n','2014-08-27 19:16:00','127.0.0.1','Mozilla/5.0 (X11; Linux x86_64) AppleWebKit/537.36 (KHTML, like Gecko) Ubuntu Chromium/36.0.1985.125 Chrome/36.0.1985.125 Safari/537.36',-2),(221,'Cargo',19,'create','1',NULL,'2014-08-27 19:32:10','127.0.0.1','Mozilla/5.0 (X11; Linux x86_64) AppleWebKit/537.36 (KHTML, like Gecko) Ubuntu Chromium/36.0.1985.125 Chrome/36.0.1985.125 Safari/537.36',1),(222,'Cargo',19,'destroy','1','---\nid: 19\nnombre: test\ndescripcion: \'\'\ncreated_at: 2014-08-27 19:32:10.000000000 Z\nupdated_at: 2014-08-27 19:32:10.000000000 Z\n','2014-08-27 19:32:21','127.0.0.1','Mozilla/5.0 (X11; Linux x86_64) AppleWebKit/537.36 (KHTML, like Gecko) Ubuntu Chromium/36.0.1985.125 Chrome/36.0.1985.125 Safari/537.36',1),(223,'Cargo',20,'create','1',NULL,'2014-08-27 19:34:40','127.0.0.1','Mozilla/5.0 (X11; Linux x86_64) AppleWebKit/537.36 (KHTML, like Gecko) Ubuntu Chromium/36.0.1985.125 Chrome/36.0.1985.125 Safari/537.36',1),(224,'Cargo',21,'create','1',NULL,'2014-08-27 19:36:33','127.0.0.1','Mozilla/5.0 (X11; Linux x86_64) AppleWebKit/537.36 (KHTML, like Gecko) Ubuntu Chromium/36.0.1985.125 Chrome/36.0.1985.125 Safari/537.36',1),(225,'Cargo',22,'create','1',NULL,'2014-08-27 19:37:23','127.0.0.1','Mozilla/5.0 (X11; Linux x86_64) AppleWebKit/537.36 (KHTML, like Gecko) Ubuntu Chromium/36.0.1985.125 Chrome/36.0.1985.125 Safari/537.36',1),(226,'Cargo',23,'create','1',NULL,'2014-08-27 19:37:56','127.0.0.1','Mozilla/5.0 (X11; Linux x86_64) AppleWebKit/537.36 (KHTML, like Gecko) Ubuntu Chromium/36.0.1985.125 Chrome/36.0.1985.125 Safari/537.36',1),(227,'Cargo',24,'create','1',NULL,'2014-08-27 19:39:57','127.0.0.1','Mozilla/5.0 (X11; Linux x86_64) AppleWebKit/537.36 (KHTML, like Gecko) Ubuntu Chromium/36.0.1985.125 Chrome/36.0.1985.125 Safari/537.36',1),(228,'Cargo',25,'create','1',NULL,'2014-08-27 19:41:02','127.0.0.1','Mozilla/5.0 (X11; Linux x86_64) AppleWebKit/537.36 (KHTML, like Gecko) Ubuntu Chromium/36.0.1985.125 Chrome/36.0.1985.125 Safari/537.36',1),(229,'Cargo',26,'create','1',NULL,'2014-08-27 19:42:20','127.0.0.1','Mozilla/5.0 (X11; Linux x86_64) AppleWebKit/537.36 (KHTML, like Gecko) Ubuntu Chromium/36.0.1985.125 Chrome/36.0.1985.125 Safari/537.36',1),(230,'Cargo',26,'destroy','1','---\nid: 26\nnombre: atestassas\ndescripcion: \'\'\ncreated_at: 2014-08-27 19:42:20.000000000 Z\nupdated_at: 2014-08-27 19:42:20.000000000 Z\n','2014-08-27 19:42:24','127.0.0.1','Mozilla/5.0 (X11; Linux x86_64) AppleWebKit/537.36 (KHTML, like Gecko) Ubuntu Chromium/36.0.1985.125 Chrome/36.0.1985.125 Safari/537.36',1),(231,'Cargo',24,'destroy','1','---\nid: 24\nnombre: atestass\ndescripcion: \'\'\ncreated_at: 2014-08-27 19:39:57.000000000 Z\nupdated_at: 2014-08-27 19:39:57.000000000 Z\n','2014-08-27 19:42:30','127.0.0.1','Mozilla/5.0 (X11; Linux x86_64) AppleWebKit/537.36 (KHTML, like Gecko) Ubuntu Chromium/36.0.1985.125 Chrome/36.0.1985.125 Safari/537.36',1),(232,'Cargo',25,'destroy','1','---\nid: 25\nnombre: atestassa\ndescripcion: \'\'\ncreated_at: 2014-08-27 19:41:02.000000000 Z\nupdated_at: 2014-08-27 19:41:02.000000000 Z\n','2014-08-27 19:42:34','127.0.0.1','Mozilla/5.0 (X11; Linux x86_64) AppleWebKit/537.36 (KHTML, like Gecko) Ubuntu Chromium/36.0.1985.125 Chrome/36.0.1985.125 Safari/537.36',1),(233,'Cargo',20,'destroy','1','---\nid: 20\nnombre: test\ndescripcion: \'\'\ncreated_at: 2014-08-27 19:34:40.000000000 Z\nupdated_at: 2014-08-27 19:34:40.000000000 Z\n','2014-08-27 19:42:42','127.0.0.1','Mozilla/5.0 (X11; Linux x86_64) AppleWebKit/537.36 (KHTML, like Gecko) Ubuntu Chromium/36.0.1985.125 Chrome/36.0.1985.125 Safari/537.36',1),(234,'Cargo',21,'destroy','1','---\nid: 21\nnombre: testa\ndescripcion: \'\'\ncreated_at: 2014-08-27 19:36:33.000000000 Z\nupdated_at: 2014-08-27 19:36:33.000000000 Z\n','2014-08-27 19:42:46','127.0.0.1','Mozilla/5.0 (X11; Linux x86_64) AppleWebKit/537.36 (KHTML, like Gecko) Ubuntu Chromium/36.0.1985.125 Chrome/36.0.1985.125 Safari/537.36',1),(235,'Cargo',22,'destroy','1','---\nid: 22\nnombre: testas\ndescripcion: \'\'\ncreated_at: 2014-08-27 19:37:23.000000000 Z\nupdated_at: 2014-08-27 19:37:23.000000000 Z\n','2014-08-27 19:42:49','127.0.0.1','Mozilla/5.0 (X11; Linux x86_64) AppleWebKit/537.36 (KHTML, like Gecko) Ubuntu Chromium/36.0.1985.125 Chrome/36.0.1985.125 Safari/537.36',1),(236,'Cargo',23,'destroy','1','---\nid: 23\nnombre: testass\ndescripcion: \'\'\ncreated_at: 2014-08-27 19:37:56.000000000 Z\nupdated_at: 2014-08-27 19:37:56.000000000 Z\n','2014-08-27 19:42:53','127.0.0.1','Mozilla/5.0 (X11; Linux x86_64) AppleWebKit/537.36 (KHTML, like Gecko) Ubuntu Chromium/36.0.1985.125 Chrome/36.0.1985.125 Safari/537.36',1),(237,'Cargo',27,'create','1',NULL,'2014-08-27 19:44:24','127.0.0.1','Mozilla/5.0 (X11; Linux x86_64) AppleWebKit/537.36 (KHTML, like Gecko) Ubuntu Chromium/36.0.1985.125 Chrome/36.0.1985.125 Safari/537.36',1),(238,'Cargo',27,'destroy','1','---\nid: 27\nnombre: Nano\ndescripcion: Nusbaum\ncreated_at: 2014-08-27 19:44:24.000000000 Z\nupdated_at: 2014-08-27 19:44:24.000000000 Z\n','2014-08-27 19:44:32','127.0.0.1','Mozilla/5.0 (X11; Linux x86_64) AppleWebKit/537.36 (KHTML, like Gecko) Ubuntu Chromium/36.0.1985.125 Chrome/36.0.1985.125 Safari/537.36',1),(239,'Cargo',28,'create','1',NULL,'2014-08-27 19:44:56','127.0.0.1','Mozilla/5.0 (X11; Linux x86_64) AppleWebKit/537.36 (KHTML, like Gecko) Ubuntu Chromium/36.0.1985.125 Chrome/36.0.1985.125 Safari/537.36',1),(240,'Cargo',29,'create','1',NULL,'2014-08-27 20:05:01','127.0.0.1','Mozilla/5.0 (X11; Linux x86_64) AppleWebKit/537.36 (KHTML, like Gecko) Ubuntu Chromium/36.0.1985.125 Chrome/36.0.1985.125 Safari/537.36',1),(241,'Cargo',28,'destroy','1','---\nid: 28\nnombre: Nano\ndescripcion: Nusbaum\ncreated_at: 2014-08-27 19:44:56.000000000 Z\nupdated_at: 2014-08-27 19:44:56.000000000 Z\n','2014-08-27 20:12:00','127.0.0.1','Mozilla/5.0 (X11; Linux x86_64) AppleWebKit/537.36 (KHTML, like Gecko) Ubuntu Chromium/36.0.1985.125 Chrome/36.0.1985.125 Safari/537.36',1),(242,'Cargo',29,'destroy','1','---\nid: 29\nnombre: Nano1\ndescripcion: \'\'\ncreated_at: 2014-08-27 20:05:01.000000000 Z\nupdated_at: 2014-08-27 20:05:01.000000000 Z\n','2014-08-27 20:12:06','127.0.0.1','Mozilla/5.0 (X11; Linux x86_64) AppleWebKit/537.36 (KHTML, like Gecko) Ubuntu Chromium/36.0.1985.125 Chrome/36.0.1985.125 Safari/537.36',1),(243,'Cargo',30,'create','1',NULL,'2014-08-27 20:12:16','127.0.0.1','Mozilla/5.0 (X11; Linux x86_64) AppleWebKit/537.36 (KHTML, like Gecko) Ubuntu Chromium/36.0.1985.125 Chrome/36.0.1985.125 Safari/537.36',1),(244,'Cargo',31,'create','1',NULL,'2014-08-27 20:18:27','127.0.0.1','Mozilla/5.0 (X11; Linux x86_64) AppleWebKit/537.36 (KHTML, like Gecko) Ubuntu Chromium/36.0.1985.125 Chrome/36.0.1985.125 Safari/537.36',1),(245,'Cargo',32,'create','1',NULL,'2014-08-27 20:31:15','127.0.0.1','Mozilla/5.0 (X11; Linux x86_64) AppleWebKit/537.36 (KHTML, like Gecko) Ubuntu Chromium/36.0.1985.125 Chrome/36.0.1985.125 Safari/537.36',1),(246,'Cargo',32,'destroy','1','---\nid: 32\nnombre: car\ndescripcion: \'\'\ncreated_at: 2014-08-27 20:31:15.000000000 Z\nupdated_at: 2014-08-27 20:31:15.000000000 Z\n','2014-08-27 20:34:17','127.0.0.1','Mozilla/5.0 (X11; Linux x86_64) AppleWebKit/537.36 (KHTML, like Gecko) Ubuntu Chromium/36.0.1985.125 Chrome/36.0.1985.125 Safari/537.36',1),(247,'Cargo',33,'create','1',NULL,'2014-08-27 20:43:35','127.0.0.1','Mozilla/5.0 (X11; Linux x86_64) AppleWebKit/537.36 (KHTML, like Gecko) Ubuntu Chromium/36.0.1985.125 Chrome/36.0.1985.125 Safari/537.36',1),(248,'Cargo',34,'create','1',NULL,'2014-08-27 20:43:39','127.0.0.1','Mozilla/5.0 (X11; Linux x86_64) AppleWebKit/537.36 (KHTML, like Gecko) Ubuntu Chromium/36.0.1985.125 Chrome/36.0.1985.125 Safari/537.36',1),(249,'Cargo',30,'destroy','1','---\nid: 30\nnombre: Nano\ndescripcion: \'\'\ncreated_at: 2014-08-27 20:12:16.000000000 Z\nupdated_at: 2014-08-27 20:12:16.000000000 Z\n','2014-08-27 20:45:17','127.0.0.1','Mozilla/5.0 (X11; Linux x86_64) AppleWebKit/537.36 (KHTML, like Gecko) Ubuntu Chromium/36.0.1985.125 Chrome/36.0.1985.125 Safari/537.36',1),(250,'Cargo',31,'destroy','1','---\nid: 31\nnombre: Nano1\ndescripcion: \'\'\ncreated_at: 2014-08-27 20:18:27.000000000 Z\nupdated_at: 2014-08-27 20:18:27.000000000 Z\n','2014-08-27 20:59:10','127.0.0.1','Mozilla/5.0 (X11; Linux x86_64) AppleWebKit/537.36 (KHTML, like Gecko) Ubuntu Chromium/36.0.1985.125 Chrome/36.0.1985.125 Safari/537.36',1),(251,'Cargo',34,'destroy','1','---\nid: 34\nnombre: Nano3\ndescripcion: \'\'\ncreated_at: 2014-08-27 20:43:39.000000000 Z\nupdated_at: 2014-08-27 20:43:39.000000000 Z\n','2014-08-27 21:10:24','127.0.0.1','Mozilla/5.0 (X11; Linux x86_64) AppleWebKit/537.36 (KHTML, like Gecko) Ubuntu Chromium/36.0.1985.125 Chrome/36.0.1985.125 Safari/537.36',1),(252,'Cargo',33,'destroy','1','---\nid: 33\nnombre: Nano2\ndescripcion: \'\'\ncreated_at: 2014-08-27 20:43:35.000000000 Z\nupdated_at: 2014-08-27 20:43:35.000000000 Z\n','2014-08-27 21:10:28','127.0.0.1','Mozilla/5.0 (X11; Linux x86_64) AppleWebKit/537.36 (KHTML, like Gecko) Ubuntu Chromium/36.0.1985.125 Chrome/36.0.1985.125 Safari/537.36',1),(253,'Cargo',15,'destroy','1','---\nid: 15\nnombre: ViceDecano\ndescripcion: \'\'\ncreated_at: 2014-02-27 20:26:01.000000000 Z\nupdated_at: 2014-03-07 19:46:27.000000000 Z\n','2014-08-27 21:10:31','127.0.0.1','Mozilla/5.0 (X11; Linux x86_64) AppleWebKit/537.36 (KHTML, like Gecko) Ubuntu Chromium/36.0.1985.125 Chrome/36.0.1985.125 Safari/537.36',1),(254,'Cargo',13,'destroy','1','---\nid: 13\nnombre: Secretaria de Extension\ndescripcion: \ncreated_at: 2013-10-17 19:41:05.000000000 Z\nupdated_at: 2013-10-17 19:41:05.000000000 Z\n','2014-08-27 21:10:34','127.0.0.1','Mozilla/5.0 (X11; Linux x86_64) AppleWebKit/537.36 (KHTML, like Gecko) Ubuntu Chromium/36.0.1985.125 Chrome/36.0.1985.125 Safari/537.36',1),(255,'Cargo',8,'destroy','1','---\nid: 8\nnombre: Decano\ndescripcion: \'\'\ncreated_at: 2013-09-27 19:36:48.000000000 Z\nupdated_at: 2014-02-27 20:20:54.000000000 Z\n','2014-08-27 21:11:02','127.0.0.1','Mozilla/5.0 (X11; Linux x86_64) AppleWebKit/537.36 (KHTML, like Gecko) Ubuntu Chromium/36.0.1985.125 Chrome/36.0.1985.125 Safari/537.36',1),(256,'User',1,'update',NULL,'---\nid: 1\nemail: mmarozzi@gmail.com\nencrypted_password: \"$2a$10$WoKH9DawiAl3.bqBOb1cm.kkiRCfiIRiyEwS6exe0GdgdpTPPvXa6\"\nreset_password_token: Bu5djKURMYEjRFdGx6iq\nreset_password_sent_at: 2014-03-20 20:19:44.000000000 Z\nremember_created_at: \nsign_in_count: 23\ncurrent_sign_in_at: 2014-08-27 19:16:00.000000000 Z\nlast_sign_in_at: 2014-08-26 18:31:06.000000000 Z\ncurrent_sign_in_ip: 127.0.0.1\nlast_sign_in_ip: 127.0.0.1\ncreated_at: 2014-03-18 19:50:01.000000000 Z\nupdated_at: 2014-08-27 19:16:00.000000000 Z\nusername: mmarozzi\nrol_id: 1\ndependencia_id: \n','2014-08-28 17:52:43','127.0.0.1','Mozilla/5.0 (X11; Linux x86_64) AppleWebKit/537.36 (KHTML, like Gecko) Ubuntu Chromium/36.0.1985.125 Chrome/36.0.1985.125 Safari/537.36',-2),(257,'Cargo',35,'create','1',NULL,'2014-08-28 17:57:38','127.0.0.1','Mozilla/5.0 (X11; Linux x86_64) AppleWebKit/537.36 (KHTML, like Gecko) Ubuntu Chromium/36.0.1985.125 Chrome/36.0.1985.125 Safari/537.36',1),(258,'Entidad',82,'update','1','---\nid: 82\npersona_id: 16\ndependencia_id: 1\ncargo_id: 8\nes_facultad: true\nuser_id: \ncreated_at: 2014-02-27 20:25:32.000000000 Z\nupdated_at: 2014-03-17 19:24:04.000000000 Z\nes_actual: true\n','2014-08-28 17:57:41','127.0.0.1','Mozilla/5.0 (X11; Linux x86_64) AppleWebKit/537.36 (KHTML, like Gecko) Ubuntu Chromium/36.0.1985.125 Chrome/36.0.1985.125 Safari/537.36',1),(259,'Cargo',36,'create','1',NULL,'2014-08-28 18:18:48','127.0.0.1','Mozilla/5.0 (X11; Linux x86_64) AppleWebKit/537.36 (KHTML, like Gecko) Ubuntu Chromium/36.0.1985.125 Chrome/36.0.1985.125 Safari/537.36',1),(260,'Cargo',36,'destroy','1','---\nid: 36\nnombre: Nano\ndescripcion: \'\'\ncreated_at: 2014-08-28 18:18:48.000000000 Z\nupdated_at: 2014-08-28 18:18:48.000000000 Z\n','2014-08-28 18:18:54','127.0.0.1','Mozilla/5.0 (X11; Linux x86_64) AppleWebKit/537.36 (KHTML, like Gecko) Ubuntu Chromium/36.0.1985.125 Chrome/36.0.1985.125 Safari/537.36',1),(261,'Cargo',14,'update','1','---\nid: 14\nnombre: Comunicador\ndescripcion: \ncreated_at: 2013-11-06 19:47:51.000000000 Z\nupdated_at: 2013-11-06 19:47:51.000000000 Z\n','2014-08-28 18:43:53','127.0.0.1','Mozilla/5.0 (X11; Linux x86_64) AppleWebKit/537.36 (KHTML, like Gecko) Ubuntu Chromium/36.0.1985.125 Chrome/36.0.1985.125 Safari/537.36',1),(262,'Cargo',35,'update','1','---\nid: 35\nnombre: Decano\ndescripcion: \ncreated_at: 2014-08-28 17:57:38.000000000 Z\nupdated_at: 2014-08-28 17:57:38.000000000 Z\n','2014-08-28 18:49:48','127.0.0.1','Mozilla/5.0 (X11; Linux x86_64) AppleWebKit/537.36 (KHTML, like Gecko) Ubuntu Chromium/36.0.1985.125 Chrome/36.0.1985.125 Safari/537.36',1),(263,'Cargo',14,'update','1','---\nid: 14\nnombre: Comunicador\ndescripcion: \'\'\ncreated_at: 2013-11-06 19:47:51.000000000 Z\nupdated_at: 2014-08-28 18:43:53.000000000 Z\n','2014-08-28 18:53:45','127.0.0.1','Mozilla/5.0 (X11; Linux x86_64) AppleWebKit/537.36 (KHTML, like Gecko) Ubuntu Chromium/36.0.1985.125 Chrome/36.0.1985.125 Safari/537.36',1),(264,'Cargo',14,'update','1','---\nid: 14\nnombre: Comunicadora\ndescripcion: \'\'\ncreated_at: 2013-11-06 19:47:51.000000000 Z\nupdated_at: 2014-08-28 18:53:45.000000000 Z\n','2014-08-28 18:54:24','127.0.0.1','Mozilla/5.0 (X11; Linux x86_64) AppleWebKit/537.36 (KHTML, like Gecko) Ubuntu Chromium/36.0.1985.125 Chrome/36.0.1985.125 Safari/537.36',1),(265,'Cargo',14,'update','1','---\nid: 14\nnombre: Comunicador\ndescripcion: \'\'\ncreated_at: 2013-11-06 19:47:51.000000000 Z\nupdated_at: 2014-08-28 18:54:24.000000000 Z\n','2014-08-28 18:54:58','127.0.0.1','Mozilla/5.0 (X11; Linux x86_64) AppleWebKit/537.36 (KHTML, like Gecko) Ubuntu Chromium/36.0.1985.125 Chrome/36.0.1985.125 Safari/537.36',1),(266,'Cargo',14,'update','1','---\nid: 14\nnombre: Comunicadora\ndescripcion: \'\'\ncreated_at: 2013-11-06 19:47:51.000000000 Z\nupdated_at: 2014-08-28 18:54:58.000000000 Z\n','2014-08-28 18:55:49','127.0.0.1','Mozilla/5.0 (X11; Linux x86_64) AppleWebKit/537.36 (KHTML, like Gecko) Ubuntu Chromium/36.0.1985.125 Chrome/36.0.1985.125 Safari/537.36',1),(267,'User',1,'update',NULL,'---\nid: 1\nemail: mmarozzi@gmail.com\nencrypted_password: \"$2a$10$WoKH9DawiAl3.bqBOb1cm.kkiRCfiIRiyEwS6exe0GdgdpTPPvXa6\"\nreset_password_token: Bu5djKURMYEjRFdGx6iq\nreset_password_sent_at: 2014-03-20 20:19:44.000000000 Z\nremember_created_at: \nsign_in_count: 24\ncurrent_sign_in_at: 2014-08-28 17:52:43.000000000 Z\nlast_sign_in_at: 2014-08-27 19:16:00.000000000 Z\ncurrent_sign_in_ip: 127.0.0.1\nlast_sign_in_ip: 127.0.0.1\ncreated_at: 2014-03-18 19:50:01.000000000 Z\nupdated_at: 2014-08-28 17:52:43.000000000 Z\nusername: mmarozzi\nrol_id: 1\ndependencia_id: \n','2014-08-28 19:38:22','200.7.131.232','Mozilla/5.0 (Linux; Android 4.1.2; XT919 Build/2_330_2017) AppleWebKit/537.36 (KHTML, like Gecko) Chrome/36.0.1985.135 Mobile Safari/537.36',-2),(268,'User',1,'update',NULL,'---\nid: 1\nemail: mmarozzi@gmail.com\nencrypted_password: \"$2a$10$WoKH9DawiAl3.bqBOb1cm.kkiRCfiIRiyEwS6exe0GdgdpTPPvXa6\"\nreset_password_token: Bu5djKURMYEjRFdGx6iq\nreset_password_sent_at: 2014-03-20 20:19:44.000000000 Z\nremember_created_at: \nsign_in_count: 25\ncurrent_sign_in_at: 2014-08-28 19:38:22.000000000 Z\nlast_sign_in_at: 2014-08-28 17:52:43.000000000 Z\ncurrent_sign_in_ip: 200.7.131.232\nlast_sign_in_ip: 127.0.0.1\ncreated_at: 2014-03-18 19:50:01.000000000 Z\nupdated_at: 2014-08-28 19:38:22.000000000 Z\nusername: mmarozzi\nrol_id: 1\ndependencia_id: \n','2014-08-28 19:46:45',NULL,NULL,NULL),(269,'User',1,'update',NULL,'---\nid: 1\nemail: mmarozzi@gmail.com\nencrypted_password: \"$2a$10$WoKH9DawiAl3.bqBOb1cm.kkiRCfiIRiyEwS6exe0GdgdpTPPvXa6\"\nreset_password_token: Bu5djKURMYEjRFdGx6iq\nreset_password_sent_at: 2014-03-20 20:19:44.000000000 Z\nremember_created_at: 2014-08-28 19:46:45.434681896 Z\nsign_in_count: 25\ncurrent_sign_in_at: 2014-08-28 19:38:22.000000000 Z\nlast_sign_in_at: 2014-08-28 17:52:43.000000000 Z\ncurrent_sign_in_ip: 200.7.131.232\nlast_sign_in_ip: 127.0.0.1\ncreated_at: 2014-03-18 19:50:01.000000000 Z\nupdated_at: 2014-08-28 19:46:45.435792322 Z\nusername: mmarozzi\nrol_id: 1\ndependencia_id: \n','2014-08-28 19:46:45',NULL,NULL,NULL),(270,'User',1,'update',NULL,'---\nid: 1\nemail: mmarozzi@gmail.com\nencrypted_password: \"$2a$10$WoKH9DawiAl3.bqBOb1cm.kkiRCfiIRiyEwS6exe0GdgdpTPPvXa6\"\nreset_password_token: Bu5djKURMYEjRFdGx6iq\nreset_password_sent_at: 2014-03-20 20:19:44.000000000 Z\nremember_created_at: 2014-08-28 19:46:45.000000000 Z\nsign_in_count: 26\ncurrent_sign_in_at: 2014-08-28 19:46:45.000000000 Z\nlast_sign_in_at: 2014-08-28 19:38:22.000000000 Z\ncurrent_sign_in_ip: 127.0.0.1\nlast_sign_in_ip: 200.7.131.232\ncreated_at: 2014-03-18 19:50:01.000000000 Z\nupdated_at: 2014-08-28 19:46:45.000000000 Z\nusername: mmarozzi\nrol_id: 1\ndependencia_id: \n','2014-08-28 19:49:30',NULL,NULL,NULL),(271,'User',1,'update','1','---\nid: 1\nemail: mmarozzi@gmail.com\nencrypted_password: \"$2a$10$WoKH9DawiAl3.bqBOb1cm.kkiRCfiIRiyEwS6exe0GdgdpTPPvXa6\"\nreset_password_token: Bu5djKURMYEjRFdGx6iq\nreset_password_sent_at: 2014-03-20 20:19:44.000000000 Z\nremember_created_at: 2014-08-28 19:46:45.000000000 Z\nsign_in_count: 27\ncurrent_sign_in_at: 2014-08-28 19:49:30.000000000 Z\nlast_sign_in_at: 2014-08-28 19:46:45.000000000 Z\ncurrent_sign_in_ip: 200.7.131.232\nlast_sign_in_ip: 127.0.0.1\ncreated_at: 2014-03-18 19:50:01.000000000 Z\nupdated_at: 2014-08-28 19:49:30.000000000 Z\nusername: mmarozzi\nrol_id: 1\ndependencia_id: \n','2014-08-28 19:49:45','200.7.131.232','Mozilla/5.0 (Linux; Android 4.1.2; XT919 Build/2_330_2017) AppleWebKit/537.36 (KHTML, like Gecko) Chrome/36.0.1985.135 Mobile Safari/537.36',1),(272,'User',1,'update',NULL,'---\nid: 1\nemail: mmarozzi@gmail.com\nencrypted_password: \"$2a$10$WoKH9DawiAl3.bqBOb1cm.kkiRCfiIRiyEwS6exe0GdgdpTPPvXa6\"\nreset_password_token: Bu5djKURMYEjRFdGx6iq\nreset_password_sent_at: 2014-03-20 20:19:44.000000000 Z\nremember_created_at: \nsign_in_count: 27\ncurrent_sign_in_at: 2014-08-28 19:49:30.000000000 Z\nlast_sign_in_at: 2014-08-28 19:46:45.000000000 Z\ncurrent_sign_in_ip: 200.7.131.232\nlast_sign_in_ip: 127.0.0.1\ncreated_at: 2014-03-18 19:50:01.000000000 Z\nupdated_at: 2014-08-28 19:49:45.000000000 Z\nusername: mmarozzi\nrol_id: 1\ndependencia_id: \n','2014-08-28 19:50:01','200.7.131.232','Mozilla/5.0 (Linux; Android 4.1.2; XT919 Build/2_330_2017) AppleWebKit/537.36 (KHTML, like Gecko) Chrome/36.0.1985.135 Mobile Safari/537.36',-2),(273,'User',1,'update',NULL,'---\nid: 1\nemail: mmarozzi@gmail.com\nencrypted_password: \"$2a$10$WoKH9DawiAl3.bqBOb1cm.kkiRCfiIRiyEwS6exe0GdgdpTPPvXa6\"\nreset_password_token: Bu5djKURMYEjRFdGx6iq\nreset_password_sent_at: 2014-03-20 20:19:44.000000000 Z\nremember_created_at: \nsign_in_count: 28\ncurrent_sign_in_at: 2014-08-28 19:50:01.000000000 Z\nlast_sign_in_at: 2014-08-28 19:49:30.000000000 Z\ncurrent_sign_in_ip: 200.7.131.232\nlast_sign_in_ip: 200.7.131.232\ncreated_at: 2014-03-18 19:50:01.000000000 Z\nupdated_at: 2014-08-28 19:50:01.000000000 Z\nusername: mmarozzi\nrol_id: 1\ndependencia_id: \n','2014-08-29 17:52:28',NULL,NULL,NULL),(274,'User',1,'update',NULL,'---\nid: 1\nemail: mmarozzi@gmail.com\nencrypted_password: \"$2a$10$WoKH9DawiAl3.bqBOb1cm.kkiRCfiIRiyEwS6exe0GdgdpTPPvXa6\"\nreset_password_token: Bu5djKURMYEjRFdGx6iq\nreset_password_sent_at: 2014-03-20 20:19:44.000000000 Z\nremember_created_at: 2014-08-29 17:52:28.724928117 Z\nsign_in_count: 28\ncurrent_sign_in_at: 2014-08-28 19:50:01.000000000 Z\nlast_sign_in_at: 2014-08-28 19:49:30.000000000 Z\ncurrent_sign_in_ip: 200.7.131.232\nlast_sign_in_ip: 200.7.131.232\ncreated_at: 2014-03-18 19:50:01.000000000 Z\nupdated_at: 2014-08-29 17:52:28.725643939 Z\nusername: mmarozzi\nrol_id: 1\ndependencia_id: \n','2014-08-29 17:52:28',NULL,NULL,NULL),(275,'Dependencia',30,'create','1',NULL,'2014-08-29 18:27:51','127.0.0.1','Mozilla/5.0 (X11; Linux x86_64) AppleWebKit/537.36 (KHTML, like Gecko) Ubuntu Chromium/36.0.1985.125 Chrome/36.0.1985.125 Safari/537.36',1),(276,'Dependencia',30,'destroy','1','---\nid: 30\nnombre: test\ndescripcion: aca\ncodigo: 29\ncreated_at: 2014-08-29 18:27:51.000000000 Z\nupdated_at: 2014-08-29 18:27:51.000000000 Z\norganismo_id: 1\nalias: test\n','2014-08-29 18:32:36','127.0.0.1','Mozilla/5.0 (X11; Linux x86_64) AppleWebKit/537.36 (KHTML, like Gecko) Ubuntu Chromium/36.0.1985.125 Chrome/36.0.1985.125 Safari/537.36',1),(277,'Dependencia',7,'update','1','---\nid: 7\nnombre: Departamento de Computación\ndescripcion: \'\'\ncodigo: 56\ncreated_at: 2013-06-07 03:36:34.000000000 Z\nupdated_at: 2013-06-07 03:36:34.000000000 Z\norganismo_id: 1\nalias: \n','2014-08-29 18:32:56','127.0.0.1','Mozilla/5.0 (X11; Linux x86_64) AppleWebKit/537.36 (KHTML, like Gecko) Ubuntu Chromium/36.0.1985.125 Chrome/36.0.1985.125 Safari/537.36',1),(278,'Dependencia',29,'update','1','---\nid: 29\nnombre: \"Área de Programación y Estadística\"\ndescripcion: \"Área de Programación y Estadística\"\ncodigo: 63\ncreated_at: 2014-02-27 20:29:51.000000000 Z\nupdated_at: 2014-02-27 20:29:51.000000000 Z\norganismo_id: 1\nalias: Programación\n','2014-08-29 18:34:26','127.0.0.1','Mozilla/5.0 (X11; Linux x86_64) AppleWebKit/537.36 (KHTML, like Gecko) Ubuntu Chromium/36.0.1985.125 Chrome/36.0.1985.125 Safari/537.36',1),(279,'Dependencia',29,'update','1','---\nid: 29\nnombre: \"Área de Programación y Estadística\"\ndescripcion: \"Área de Programación y Estadística\"\ncodigo: 63\ncreated_at: 2014-02-27 20:29:51.000000000 Z\nupdated_at: 2014-08-29 18:34:26.000000000 Z\norganismo_id: 1\nalias: Area Programación\n','2014-08-29 18:35:43','127.0.0.1','Mozilla/5.0 (X11; Linux x86_64) AppleWebKit/537.36 (KHTML, like Gecko) Ubuntu Chromium/36.0.1985.125 Chrome/36.0.1985.125 Safari/537.36',1),(280,'Dependencia',29,'update','1','---\nid: 29\nnombre: \"Área de Programación y Estadística\"\ndescripcion: \"Área de Programación y Estadística\"\ncodigo: 63\ncreated_at: 2014-02-27 20:29:51.000000000 Z\nupdated_at: 2014-08-29 18:35:43.000000000 Z\norganismo_id: 1\nalias: Programación\n','2014-08-29 18:36:55','127.0.0.1','Mozilla/5.0 (X11; Linux x86_64) AppleWebKit/537.36 (KHTML, like Gecko) Ubuntu Chromium/36.0.1985.125 Chrome/36.0.1985.125 Safari/537.36',1),(281,'Dependencia',29,'update','1','---\nid: 29\nnombre: \"Área de Programación y Estadística\"\ndescripcion: \"Área de Programación y Estadística\"\ncodigo: 63\ncreated_at: 2014-02-27 20:29:51.000000000 Z\nupdated_at: 2014-08-29 18:36:55.000000000 Z\norganismo_id: 1\nalias: Area Programación\n','2014-08-29 18:41:20','127.0.0.1','Mozilla/5.0 (X11; Linux x86_64) AppleWebKit/537.36 (KHTML, like Gecko) Ubuntu Chromium/36.0.1985.125 Chrome/36.0.1985.125 Safari/537.36',1),(282,'Dependencia',29,'update','1','---\nid: 29\nnombre: \"Área de Programación y Estadística\"\ndescripcion: \"Área de Programación y Estadística Ed\"\ncodigo: 63\ncreated_at: 2014-02-27 20:29:51.000000000 Z\nupdated_at: 2014-08-29 18:41:20.000000000 Z\norganismo_id: 1\nalias: Area Programación\n','2014-08-29 18:53:02','127.0.0.1','Mozilla/5.0 (X11; Linux x86_64) AppleWebKit/537.36 (KHTML, like Gecko) Ubuntu Chromium/36.0.1985.125 Chrome/36.0.1985.125 Safari/537.36',1),(283,'Dependencia',31,'create','1',NULL,'2014-08-29 18:53:36','127.0.0.1','Mozilla/5.0 (X11; Linux x86_64) AppleWebKit/537.36 (KHTML, like Gecko) Ubuntu Chromium/36.0.1985.125 Chrome/36.0.1985.125 Safari/537.36',1),(284,'Dependencia',32,'create','1',NULL,'2014-08-29 18:57:04','127.0.0.1','Mozilla/5.0 (X11; Linux x86_64) AppleWebKit/537.36 (KHTML, like Gecko) Ubuntu Chromium/36.0.1985.125 Chrome/36.0.1985.125 Safari/537.36',1),(285,'Dependencia',31,'destroy','1','---\nid: 31\nnombre: test\ndescripcion: \'\'\ncodigo: 64\ncreated_at: 2014-08-29 18:53:36.000000000 Z\nupdated_at: 2014-08-29 18:53:36.000000000 Z\norganismo_id: 2\nalias: \'\'\n','2014-08-29 18:57:21','127.0.0.1','Mozilla/5.0 (X11; Linux x86_64) AppleWebKit/537.36 (KHTML, like Gecko) Ubuntu Chromium/36.0.1985.125 Chrome/36.0.1985.125 Safari/537.36',1),(286,'Dependencia',32,'destroy','1','---\nid: 32\nnombre: test\ndescripcion: \'\'\ncodigo: 65\ncreated_at: 2014-08-29 18:57:04.000000000 Z\nupdated_at: 2014-08-29 18:57:04.000000000 Z\norganismo_id: \nalias: \'\'\n','2014-08-29 18:57:23','127.0.0.1','Mozilla/5.0 (X11; Linux x86_64) AppleWebKit/537.36 (KHTML, like Gecko) Ubuntu Chromium/36.0.1985.125 Chrome/36.0.1985.125 Safari/537.36',1),(287,'Dependencia',29,'update','1','---\nid: 29\nnombre: \"Área de Programación y Estadística\"\ndescripcion: \"Área de Programación y Estadística\"\ncodigo: 63\ncreated_at: 2014-02-27 20:29:51.000000000 Z\nupdated_at: 2014-08-29 18:53:02.000000000 Z\norganismo_id: 1\nalias: Area Programación\n','2014-08-29 19:09:51','127.0.0.1','Mozilla/5.0 (X11; Linux x86_64) AppleWebKit/537.36 (KHTML, like Gecko) Ubuntu Chromium/36.0.1985.125 Chrome/36.0.1985.125 Safari/537.36',1),(288,'Dependencia',29,'update','1','---\nid: 29\nnombre: \"Área de Programación y Estadística\"\ndescripcion: \"Área de Programación y Estadística es\"\ncodigo: 63\ncreated_at: 2014-02-27 20:29:51.000000000 Z\nupdated_at: 2014-08-29 19:09:51.000000000 Z\norganismo_id: 1\nalias: Programación\n','2014-08-29 19:10:01','127.0.0.1','Mozilla/5.0 (X11; Linux x86_64) AppleWebKit/537.36 (KHTML, like Gecko) Ubuntu Chromium/36.0.1985.125 Chrome/36.0.1985.125 Safari/537.36',1),(289,'User',1,'update',NULL,'---\nid: 1\nemail: mmarozzi@gmail.com\nencrypted_password: \"$2a$10$WoKH9DawiAl3.bqBOb1cm.kkiRCfiIRiyEwS6exe0GdgdpTPPvXa6\"\nreset_password_token: Bu5djKURMYEjRFdGx6iq\nreset_password_sent_at: 2014-03-20 20:19:44.000000000 Z\nremember_created_at: 2014-08-29 17:52:28.000000000 Z\nsign_in_count: 29\ncurrent_sign_in_at: 2014-08-29 17:52:28.000000000 Z\nlast_sign_in_at: 2014-08-28 19:50:01.000000000 Z\ncurrent_sign_in_ip: 127.0.0.1\nlast_sign_in_ip: 200.7.131.232\ncreated_at: 2014-03-18 19:50:01.000000000 Z\nupdated_at: 2014-08-29 17:52:28.000000000 Z\nusername: mmarozzi\nrol_id: 1\ndependencia_id: \n','2014-08-29 19:15:16',NULL,NULL,NULL),(290,'Persona',35,'update','1','---\nid: 35\nnombre: \'\'\napellido: Ana Basso\nemail: \ncreated_at: 2014-04-01 19:18:58.000000000 Z\nupdated_at: 2014-04-01 19:18:58.000000000 Z\n','2014-08-29 20:35:05','127.0.0.1','Mozilla/5.0 (X11; Linux x86_64) AppleWebKit/537.36 (KHTML, like Gecko) Ubuntu Chromium/36.0.1985.125 Chrome/36.0.1985.125 Safari/537.36',1),(291,'Persona',32,'update','1','---\nid: 32\nnombre: Marcelo\napellido: Arroyo\nemail: \ncreated_at: 2014-03-10 20:29:33.000000000 Z\nupdated_at: 2014-03-10 20:29:33.000000000 Z\n','2014-08-29 20:37:08','127.0.0.1','Mozilla/5.0 (X11; Linux x86_64) AppleWebKit/537.36 (KHTML, like Gecko) Ubuntu Chromium/36.0.1985.125 Chrome/36.0.1985.125 Safari/537.36',1),(292,'Persona',31,'update','1','---\nid: 31\nnombre: \'\'\napellido: Teresa Quintero\nemail: \ncreated_at: 2014-03-07 20:04:50.000000000 Z\nupdated_at: 2014-03-07 20:04:50.000000000 Z\n','2014-08-29 20:37:21','127.0.0.1','Mozilla/5.0 (X11; Linux x86_64) AppleWebKit/537.36 (KHTML, like Gecko) Ubuntu Chromium/36.0.1985.125 Chrome/36.0.1985.125 Safari/537.36',1),(293,'Persona',36,'create','1',NULL,'2014-08-29 20:37:31','127.0.0.1','Mozilla/5.0 (X11; Linux x86_64) AppleWebKit/537.36 (KHTML, like Gecko) Ubuntu Chromium/36.0.1985.125 Chrome/36.0.1985.125 Safari/537.36',1),(294,'Persona',36,'destroy','1','---\nid: 36\nnombre: TEST\napellido: \'\'\nemail: \'\'\ncreated_at: 2014-08-29 20:37:31.000000000 Z\nupdated_at: 2014-08-29 20:37:31.000000000 Z\n','2014-08-29 20:37:45','127.0.0.1','Mozilla/5.0 (X11; Linux x86_64) AppleWebKit/537.36 (KHTML, like Gecko) Ubuntu Chromium/36.0.1985.125 Chrome/36.0.1985.125 Safari/537.36',1),(295,'Entidad',93,'destroy','1','---\nid: 93\npersona_id: 5\ndependencia_id: 7\ncargo_id: \nes_facultad: false\nuser_id: \ncreated_at: 2014-04-03 17:58:10.000000000 Z\nupdated_at: 2014-04-03 17:58:10.000000000 Z\nes_actual: false\n','2014-09-01 18:48:06','127.0.0.1','Mozilla/5.0 (X11; Linux x86_64) AppleWebKit/537.36 (KHTML, like Gecko) Ubuntu Chromium/36.0.1985.125 Chrome/36.0.1985.125 Safari/537.36',1),(296,'Persona',5,'destroy','1','---\nid: 5\nnombre: Francisco\napellido: Bavera\nemail: \ncreated_at: 2013-09-19 19:22:59.000000000 Z\nupdated_at: 2013-09-19 19:22:59.000000000 Z\n','2014-09-01 18:48:18','127.0.0.1','Mozilla/5.0 (X11; Linux x86_64) AppleWebKit/537.36 (KHTML, like Gecko) Ubuntu Chromium/36.0.1985.125 Chrome/36.0.1985.125 Safari/537.36',1),(297,'Organismo',4,'update','1','---\nid: 4\nnombre: Fac. de Ciencias Económicas\ndescripcion: \'\'\ncodigo: 4\ncreated_at: 2013-06-24 19:16:41.000000000 Z\nupdated_at: 2013-06-24 19:16:41.000000000 Z\nalias: \n','2014-09-01 19:17:24','127.0.0.1','Mozilla/5.0 (X11; Linux x86_64) AppleWebKit/537.36 (KHTML, like Gecko) Ubuntu Chromium/36.0.1985.125 Chrome/36.0.1985.125 Safari/537.36',1),(298,'Organismo',9,'update','1','---\nid: 9\nnombre: Organismo para prueva de versiones\ndescripcion: Se creo este organismo para ver si funcionan las versiones de los objetos,\n  reniego mucho con los usuarios, chequear!!!\ncodigo: 7\ncreated_at: 2014-03-05 19:57:04.000000000 Z\nupdated_at: 2014-03-07 19:43:01.000000000 Z\nalias: alias\n','2014-09-01 19:17:35','127.0.0.1','Mozilla/5.0 (X11; Linux x86_64) AppleWebKit/537.36 (KHTML, like Gecko) Ubuntu Chromium/36.0.1985.125 Chrome/36.0.1985.125 Safari/537.36',1),(299,'Organismo',9,'update','1','---\nid: 9\nnombre: Organismo para prueva de versiones y Edut\ndescripcion: Se creo este organismo para ver si funcionan las versiones de los objetos,\n  reniego mucho con los usuarios, chequear!!!\ncodigo: 7\ncreated_at: 2014-03-05 19:57:04.000000000 Z\nupdated_at: 2014-09-01 19:17:35.000000000 Z\nalias: alias\n','2014-09-01 19:17:47','127.0.0.1','Mozilla/5.0 (X11; Linux x86_64) AppleWebKit/537.36 (KHTML, like Gecko) Ubuntu Chromium/36.0.1985.125 Chrome/36.0.1985.125 Safari/537.36',1),(300,'Organismo',9,'destroy','1','---\nid: 9\nnombre: Organismo para prueba de versiones\ndescripcion: Se creo este organismo para ver si funcionan las versiones de los objetos,\n  reniego mucho con los usuarios, chequear!!!\ncodigo: 7\ncreated_at: 2014-03-05 19:57:04.000000000 Z\nupdated_at: 2014-09-01 19:17:47.000000000 Z\nalias: alias\n','2014-09-01 19:17:53','127.0.0.1','Mozilla/5.0 (X11; Linux x86_64) AppleWebKit/537.36 (KHTML, like Gecko) Ubuntu Chromium/36.0.1985.125 Chrome/36.0.1985.125 Safari/537.36',1),(301,'Organismo',10,'create','1',NULL,'2014-09-01 19:18:21','127.0.0.1','Mozilla/5.0 (X11; Linux x86_64) AppleWebKit/537.36 (KHTML, like Gecko) Ubuntu Chromium/36.0.1985.125 Chrome/36.0.1985.125 Safari/537.36',1),(302,'Organismo',10,'destroy','1','---\nid: 10\nnombre: Prueba\ndescripcion: \'\'\ncodigo: 7\ncreated_at: 2014-09-01 19:18:21.000000000 Z\nupdated_at: 2014-09-01 19:18:21.000000000 Z\nalias: \'\'\n','2014-09-01 19:18:27','127.0.0.1','Mozilla/5.0 (X11; Linux x86_64) AppleWebKit/537.36 (KHTML, like Gecko) Ubuntu Chromium/36.0.1985.125 Chrome/36.0.1985.125 Safari/537.36',1),(303,'Dependencia',33,'create','1',NULL,'2014-09-01 19:35:25','127.0.0.1','Mozilla/5.0 (X11; Linux x86_64) AppleWebKit/537.36 (KHTML, like Gecko) Ubuntu Chromium/36.0.1985.125 Chrome/36.0.1985.125 Safari/537.36',1),(304,'Dependencia',34,'create','1',NULL,'2014-09-01 20:14:54','127.0.0.1','Mozilla/5.0 (X11; Linux x86_64) AppleWebKit/537.36 (KHTML, like Gecko) Ubuntu Chromium/36.0.1985.125 Chrome/36.0.1985.125 Safari/537.36',1),(305,'Entidad',94,'create','1',NULL,'2014-09-01 20:15:16','127.0.0.1','Mozilla/5.0 (X11; Linux x86_64) AppleWebKit/537.36 (KHTML, like Gecko) Ubuntu Chromium/36.0.1985.125 Chrome/36.0.1985.125 Safari/537.36',1),(306,'Entidad',94,'destroy','1','---\nid: 94\npersona_id: 32\ndependencia_id: 34\ncargo_id: 3\nes_facultad: false\nuser_id: \ncreated_at: 2014-09-01 20:15:16.000000000 Z\nupdated_at: 2014-09-01 20:15:16.000000000 Z\nes_actual: true\n','2014-09-01 20:15:21','127.0.0.1','Mozilla/5.0 (X11; Linux x86_64) AppleWebKit/537.36 (KHTML, like Gecko) Ubuntu Chromium/36.0.1985.125 Chrome/36.0.1985.125 Safari/537.36',1),(307,'Persona',37,'create','1',NULL,'2014-09-01 20:16:16','127.0.0.1','Mozilla/5.0 (X11; Linux x86_64) AppleWebKit/537.36 (KHTML, like Gecko) Ubuntu Chromium/36.0.1985.125 Chrome/36.0.1985.125 Safari/537.36',1),(308,'User',1,'update',NULL,'---\nid: 1\nemail: mmarozzi@gmail.com\nencrypted_password: \"$2a$10$WoKH9DawiAl3.bqBOb1cm.kkiRCfiIRiyEwS6exe0GdgdpTPPvXa6\"\nreset_password_token: Bu5djKURMYEjRFdGx6iq\nreset_password_sent_at: 2014-03-20 20:19:44.000000000 Z\nremember_created_at: 2014-08-29 17:52:28.000000000 Z\nsign_in_count: 30\ncurrent_sign_in_at: 2014-08-29 19:15:16.000000000 Z\nlast_sign_in_at: 2014-08-29 17:52:28.000000000 Z\ncurrent_sign_in_ip: 127.0.0.1\nlast_sign_in_ip: 127.0.0.1\ncreated_at: 2014-03-18 19:50:01.000000000 Z\nupdated_at: 2014-08-29 19:15:16.000000000 Z\nusername: mmarozzi\nrol_id: 1\ndependencia_id: \n','2014-09-02 18:23:53','127.0.0.1','Mozilla/5.0 (X11; Ubuntu; Linux x86_64; rv:31.0) Gecko/20100101 Firefox/31.0',-2),(309,'Persona',38,'create','1',NULL,'2014-09-02 18:34:34','127.0.0.1','Mozilla/5.0 (X11; Ubuntu; Linux x86_64; rv:31.0) Gecko/20100101 Firefox/31.0',1),(310,'Dependencia',35,'create','1',NULL,'2014-09-02 18:34:50','127.0.0.1','Mozilla/5.0 (X11; Ubuntu; Linux x86_64; rv:31.0) Gecko/20100101 Firefox/31.0',1),(311,'Dependencia',36,'create','1',NULL,'2014-09-02 18:34:59','127.0.0.1','Mozilla/5.0 (X11; Ubuntu; Linux x86_64; rv:31.0) Gecko/20100101 Firefox/31.0',1),(312,'Cargo',36,'create','1',NULL,'2014-09-02 18:35:11','127.0.0.1','Mozilla/5.0 (X11; Ubuntu; Linux x86_64; rv:31.0) Gecko/20100101 Firefox/31.0',1),(313,'Cargo',36,'destroy','1','---\nid: 36\nnombre: carg\ndescripcion: \ncreated_at: 2014-09-02 18:35:11.000000000 Z\nupdated_at: 2014-09-02 18:35:11.000000000 Z\n','2014-09-02 18:47:20','127.0.0.1','Mozilla/5.0 (X11; Ubuntu; Linux x86_64; rv:31.0) Gecko/20100101 Firefox/31.0',1),(314,'Persona',39,'create','1',NULL,'2014-09-02 19:45:14','127.0.0.1','Mozilla/5.0 (X11; Ubuntu; Linux x86_64; rv:31.0) Gecko/20100101 Firefox/31.0',1),(315,'Dependencia',37,'create','1',NULL,'2014-09-02 19:45:37','127.0.0.1','Mozilla/5.0 (X11; Ubuntu; Linux x86_64; rv:31.0) Gecko/20100101 Firefox/31.0',1),(316,'Cargo',37,'create','1',NULL,'2014-09-02 19:45:54','127.0.0.1','Mozilla/5.0 (X11; Ubuntu; Linux x86_64; rv:31.0) Gecko/20100101 Firefox/31.0',1),(317,'Entidad',93,'create','1',NULL,'2014-09-02 19:46:01','127.0.0.1','Mozilla/5.0 (X11; Ubuntu; Linux x86_64; rv:31.0) Gecko/20100101 Firefox/31.0',1),(318,'Persona',40,'create','1',NULL,'2014-09-02 19:46:54','127.0.0.1','Mozilla/5.0 (X11; Ubuntu; Linux x86_64; rv:31.0) Gecko/20100101 Firefox/31.0',1),(319,'Entidad',94,'create','1',NULL,'2014-09-02 19:47:03','127.0.0.1','Mozilla/5.0 (X11; Ubuntu; Linux x86_64; rv:31.0) Gecko/20100101 Firefox/31.0',1),(320,'Entidad',93,'destroy','1','---\nid: 93\npersona_id: 39\ndependencia_id: 37\ncargo_id: 37\nes_facultad: false\nuser_id: \ncreated_at: 2014-09-02 19:46:01.000000000 Z\nupdated_at: 2014-09-02 19:46:01.000000000 Z\nes_actual: false\n','2014-09-02 19:52:57','127.0.0.1','Mozilla/5.0 (X11; Ubuntu; Linux x86_64; rv:31.0) Gecko/20100101 Firefox/31.0',1),(321,'Entidad',94,'destroy','1','---\nid: 94\npersona_id: 40\ndependencia_id: 29\ncargo_id: 3\nes_facultad: false\nuser_id: \ncreated_at: 2014-09-02 19:47:03.000000000 Z\nupdated_at: 2014-09-02 19:47:03.000000000 Z\nes_actual: false\n','2014-09-02 20:00:15','127.0.0.1','Mozilla/5.0 (X11; Ubuntu; Linux x86_64; rv:31.0) Gecko/20100101 Firefox/31.0',1),(322,'Entidad',95,'create','1',NULL,'2014-09-02 20:01:54','127.0.0.1','Mozilla/5.0 (X11; Ubuntu; Linux x86_64; rv:31.0) Gecko/20100101 Firefox/31.0',1),(323,'Dependencia',38,'create','1',NULL,'2014-09-02 20:46:18','127.0.0.1','Mozilla/5.0 (X11; Ubuntu; Linux x86_64; rv:31.0) Gecko/20100101 Firefox/31.0',1),(324,'Cargo',38,'create','1',NULL,'2014-09-03 18:23:00','127.0.0.1','Mozilla/5.0 (X11; Ubuntu; Linux x86_64; rv:31.0) Gecko/20100101 Firefox/31.0',1),(325,'Entidad',85,'update','1','---\nid: 85\npersona_id: 17\ndependencia_id: 1\ncargo_id: 2\nes_facultad: true\nuser_id: \ncreated_at: 2014-02-27 20:30:28.000000000 Z\nupdated_at: 2014-03-10 18:52:49.000000000 Z\nes_actual: true\n','2014-09-03 18:23:02','127.0.0.1','Mozilla/5.0 (X11; Ubuntu; Linux x86_64; rv:31.0) Gecko/20100101 Firefox/31.0',1),(326,'Persona',40,'destroy','1','---\nid: 40\nnombre: \'\'\napellido: AAAA\nemail: \ncreated_at: 2014-09-02 19:46:54.000000000 Z\nupdated_at: 2014-09-02 19:46:54.000000000 Z\n','2014-09-03 18:25:14','127.0.0.1','Mozilla/5.0 (X11; Ubuntu; Linux x86_64; rv:31.0) Gecko/20100101 Firefox/31.0',1),(327,'Persona',39,'destroy','1','---\nid: 39\nnombre: \'\'\napellido: PERSONA\nemail: \ncreated_at: 2014-09-02 19:45:14.000000000 Z\nupdated_at: 2014-09-02 19:45:14.000000000 Z\n','2014-09-03 18:25:19','127.0.0.1','Mozilla/5.0 (X11; Ubuntu; Linux x86_64; rv:31.0) Gecko/20100101 Firefox/31.0',1),(328,'Persona',37,'destroy','1','---\nid: 37\nnombre: \'\'\napellido: caca\nemail: \ncreated_at: 2014-09-01 20:16:16.000000000 Z\nupdated_at: 2014-09-01 20:16:16.000000000 Z\n','2014-09-03 18:25:23','127.0.0.1','Mozilla/5.0 (X11; Ubuntu; Linux x86_64; rv:31.0) Gecko/20100101 Firefox/31.0',1),(329,'TipoNota',3,'update','1','---\nid: 3\nnombre: Planillas No Docentes\ndescripcion: \'\'\ncreated_at: 2014-04-01 19:18:00.000000000 Z\nupdated_at: 2014-04-01 19:18:00.000000000 Z\n','2014-09-03 19:09:40','127.0.0.1','Mozilla/5.0 (X11; Ubuntu; Linux x86_64; rv:31.0) Gecko/20100101 Firefox/31.0',1),(330,'TipoNota',4,'create','1',NULL,'2014-09-03 19:16:56','127.0.0.1','Mozilla/5.0 (X11; Ubuntu; Linux x86_64; rv:31.0) Gecko/20100101 Firefox/31.0',1),(331,'TipoNota',4,'destroy','1','---\nid: 4\nnombre: TEST\ndescripcion: \'\'\ncreated_at: 2014-09-03 19:16:56.000000000 Z\nupdated_at: 2014-09-03 19:16:56.000000000 Z\n','2014-09-03 19:17:14','127.0.0.1','Mozilla/5.0 (X11; Ubuntu; Linux x86_64; rv:31.0) Gecko/20100101 Firefox/31.0',1),(332,'TipoNota',5,'create','1',NULL,'2014-09-03 19:21:21','127.0.0.1','Mozilla/5.0 (X11; Ubuntu; Linux x86_64; rv:31.0) Gecko/20100101 Firefox/31.0',1),(333,'TipoNota',6,'create','1',NULL,'2014-09-03 19:26:27','127.0.0.1','Mozilla/5.0 (X11; Ubuntu; Linux x86_64; rv:31.0) Gecko/20100101 Firefox/31.0',1),(334,'TipoNota',6,'destroy','1','---\nid: 6\nnombre: testa\ndescripcion: \'\'\ncreated_at: 2014-09-03 19:26:27.000000000 Z\nupdated_at: 2014-09-03 19:26:27.000000000 Z\n','2014-09-03 19:26:35','127.0.0.1','Mozilla/5.0 (X11; Ubuntu; Linux x86_64; rv:31.0) Gecko/20100101 Firefox/31.0',1),(335,'TipoNota',5,'update','1','---\nid: 5\nnombre: test\ndescripcion: \'\'\ncreated_at: 2014-09-03 19:21:21.000000000 Z\nupdated_at: 2014-09-03 19:21:21.000000000 Z\n','2014-09-03 19:27:32','127.0.0.1','Mozilla/5.0 (X11; Ubuntu; Linux x86_64; rv:31.0) Gecko/20100101 Firefox/31.0',1),(336,'TipoNota',5,'update','1','---\nid: 5\nnombre: testa\ndescripcion: \'\'\ncreated_at: 2014-09-03 19:21:21.000000000 Z\nupdated_at: 2014-09-03 19:27:32.000000000 Z\n','2014-09-03 19:31:08','127.0.0.1','Mozilla/5.0 (X11; Ubuntu; Linux x86_64; rv:31.0) Gecko/20100101 Firefox/31.0',1),(337,'TipoNota',5,'destroy','1','---\nid: 5\nnombre: testac\ndescripcion: \'\'\ncreated_at: 2014-09-03 19:21:21.000000000 Z\nupdated_at: 2014-09-03 19:31:08.000000000 Z\n','2014-09-03 19:32:25','127.0.0.1','Mozilla/5.0 (X11; Ubuntu; Linux x86_64; rv:31.0) Gecko/20100101 Firefox/31.0',1),(338,'TipoNota',7,'create','1',NULL,'2014-09-03 19:34:34','127.0.0.1','Mozilla/5.0 (X11; Ubuntu; Linux x86_64; rv:31.0) Gecko/20100101 Firefox/31.0',1),(339,'TipoNota',7,'destroy','1','---\nid: 7\nnombre: testa\ndescripcion: \'\'\ncreated_at: 2014-09-03 19:34:34.000000000 Z\nupdated_at: 2014-09-03 19:34:34.000000000 Z\n','2014-09-03 19:34:42','127.0.0.1','Mozilla/5.0 (X11; Ubuntu; Linux x86_64; rv:31.0) Gecko/20100101 Firefox/31.0',1),(340,'TipoNota',3,'update','1','---\nid: 3\nnombre: Planillas No Docentes\ndescripcion: desc\ncreated_at: 2014-04-01 19:18:00.000000000 Z\nupdated_at: 2014-09-03 19:09:40.000000000 Z\n','2014-09-03 19:35:46','127.0.0.1','Mozilla/5.0 (X11; Ubuntu; Linux x86_64; rv:31.0) Gecko/20100101 Firefox/31.0',1),(341,'TipoNota',8,'create','1',NULL,'2014-09-03 19:36:06','127.0.0.1','Mozilla/5.0 (X11; Ubuntu; Linux x86_64; rv:31.0) Gecko/20100101 Firefox/31.0',1),(342,'TipoNota',8,'update','1','---\nid: 8\nnombre: aca\ndescripcion: \'\'\ncreated_at: 2014-09-03 19:36:06.000000000 Z\nupdated_at: 2014-09-03 19:36:06.000000000 Z\n','2014-09-03 19:39:52','127.0.0.1','Mozilla/5.0 (X11; Ubuntu; Linux x86_64; rv:31.0) Gecko/20100101 Firefox/31.0',1),(343,'TipoNota',8,'destroy','1','---\nid: 8\nnombre: acasa\ndescripcion: \'\'\ncreated_at: 2014-09-03 19:36:06.000000000 Z\nupdated_at: 2014-09-03 19:39:52.000000000 Z\n','2014-09-03 19:39:59','127.0.0.1','Mozilla/5.0 (X11; Ubuntu; Linux x86_64; rv:31.0) Gecko/20100101 Firefox/31.0',1),(344,'Cargo',37,'destroy','1','---\nid: 37\nnombre: car\ndescripcion: \ncreated_at: 2014-09-02 19:45:54.000000000 Z\nupdated_at: 2014-09-02 19:45:54.000000000 Z\n','2014-09-04 20:30:15','127.0.0.1','Mozilla/5.0 (X11; Ubuntu; Linux x86_64; rv:31.0) Gecko/20100101 Firefox/31.0',1),(345,'User',1,'update',NULL,'---\nid: 1\nemail: mmarozzi@gmail.com\nencrypted_password: \"$2a$10$WoKH9DawiAl3.bqBOb1cm.kkiRCfiIRiyEwS6exe0GdgdpTPPvXa6\"\nreset_password_token: Bu5djKURMYEjRFdGx6iq\nreset_password_sent_at: 2014-03-20 20:19:44.000000000 Z\nremember_created_at: 2014-08-29 17:52:28.000000000 Z\nsign_in_count: 31\ncurrent_sign_in_at: 2014-09-02 18:23:52.000000000 Z\nlast_sign_in_at: 2014-08-29 19:15:16.000000000 Z\ncurrent_sign_in_ip: 127.0.0.1\nlast_sign_in_ip: 127.0.0.1\ncreated_at: 2014-03-18 19:50:01.000000000 Z\nupdated_at: 2014-09-02 18:23:52.000000000 Z\nusername: mmarozzi\nrol_id: 1\ndependencia_id: \n','2014-09-08 18:25:27',NULL,NULL,NULL),(346,'Nota',54,'create','1',NULL,'2014-09-08 20:31:27','127.0.0.1','Mozilla/5.0 (X11; Linux x86_64) AppleWebKit/537.36 (KHTML, like Gecko) Ubuntu Chromium/36.0.1985.125 Chrome/36.0.1985.125 Safari/537.36',1),(347,'Nota',54,'update','1','---\nid: 54\ntema: Anda!\ndescripcion: \"Andara esto.\\r\\nHara falta cambiar el css aca por bootstrap\"\nfecha_ingreso: 2014-09-08\ncodigo: \'000212014\'\ntipo_nota_id: 3\nremitente_id: 92\ndestinatario_id: 82\nfecha_eliminada: \ncreated_at: 2014-09-08 20:31:26.000000000 Z\nupdated_at: 2014-09-08 20:31:26.000000000 Z\nfecha_nota: 2014-09-08\nfecha_carga: 2014-09-08\ntipo: 0\nestado: 1\ncargado_por_id: 1\nrecibido_por_id: 1\nparent_id: 42\ncargado_mesa_entrada: true\neliminada: false\n','2014-09-09 19:00:45','127.0.0.1','Mozilla/5.0 (X11; Linux x86_64) AppleWebKit/537.36 (KHTML, like Gecko) Ubuntu Chromium/36.0.1985.125 Chrome/36.0.1985.125 Safari/537.36',1);
/*!40000 ALTER TABLE `versions` ENABLE KEYS */;
UNLOCK TABLES;
/*!40103 SET TIME_ZONE=@OLD_TIME_ZONE */;

/*!40101 SET SQL_MODE=@OLD_SQL_MODE */;
/*!40014 SET FOREIGN_KEY_CHECKS=@OLD_FOREIGN_KEY_CHECKS */;
/*!40014 SET UNIQUE_CHECKS=@OLD_UNIQUE_CHECKS */;
/*!40101 SET CHARACTER_SET_CLIENT=@OLD_CHARACTER_SET_CLIENT */;
/*!40101 SET CHARACTER_SET_RESULTS=@OLD_CHARACTER_SET_RESULTS */;
/*!40101 SET COLLATION_CONNECTION=@OLD_COLLATION_CONNECTION */;
/*!40111 SET SQL_NOTES=@OLD_SQL_NOTES */;

-- Dump completed on 2014-09-09 17:26:03
